Gender,Ever_Married,Age,Graduated,Work_Experience,Spending_Score,Family_Size,Profession_Artist,Profession_Doctor,Profession_Engineer,Profession_Entertainment,Profession_Executive,Profession_Healthcare,Profession_Homemaker,Profession_Lawyer,Profession_Marketing
0,1,36,1,0,0,1,0,0,1,0,0,0,0,0,0
1,1,37,1,8,1,4,0,0,0,0,0,1,0,0,0
1,1,59,0,11,2,2,0,0,0,0,1,0,0,0,0
0,0,19,0,2,0,4,0,0,0,0,0,0,0,0,1
1,1,47,1,0,2,5,0,1,0,0,0,0,0,0,0
1,1,61,1,5,0,3,0,1,0,0,0,0,0,0,0
0,1,47,1,1,1,3,1,0,0,0,0,0,0,0,0
1,1,50,1,2,1,4,1,0,0,0,0,0,0,0,0
1,0,19,0,0,0,4,0,0,0,0,0,1,0,0,0
1,0,22,0,0,0,3,0,0,0,0,0,1,0,0,0
0,0,22,0,0,0,6,0,0,0,0,0,1,0,0,0
1,1,50,1,1,1,5,1,0,0,0,0,0,0,0,0
1,0,27,0,8,0,3,0,0,0,0,0,1,0,0,0
1,0,18,0,0,0,3,0,1,0,0,0,0,0,0,0
0,1,61,1,0,0,1,1,0,0,0,0,0,0,0,0
0,1,20,1,1,1,3,0,0,0,0,0,0,0,1,0
1,1,45,1,1,1,2,1,0,0,0,0,0,0,0,0
1,1,55,1,8,0,1,1,0,0,0,0,0,0,0,0
0,1,88,1,1,1,4,0,0,0,0,0,0,0,1,0
1,1,63,0,2,2,3,0,0,0,0,1,0,0,0,0
1,1,69,0,2,2,2,0,0,0,0,0,0,0,1,0
1,0,42,1,0,0,4,1,0,0,0,0,0,0,0,0
1,1,79,0,2,2,2,0,0,0,0,1,0,0,0,0
0,1,35,1,9,2,3,0,0,0,0,0,1,0,0,0
1,1,27,0,5,2,4,0,0,0,0,1,0,0,0,0
1,1,52,1,2,0,2,0,0,1,0,0,0,0,0,0
0,0,29,1,0,0,4,0,0,0,0,0,1,0,0,0
0,1,79,0,1,2,2,0,0,0,0,0,0,0,1,0
1,1,87,1,2,2,2,0,0,0,0,0,0,0,1,0
1,1,89,0,1,0,2,0,0,0,0,0,0,0,1,0
1,1,63,1,9,1,3,1,0,0,0,0,0,0,0,0
1,0,31,0,1,0,2,1,0,0,0,0,0,0,0,0
1,1,72,1,1,1,6,1,0,0,0,0,0,0,0,0
0,1,41,1,9,1,2,0,1,0,0,0,0,0,0,0
0,0,61,1,11,0,1,1,0,0,0,0,0,0,0,0
1,1,62,1,0,0,2,1,0,0,0,0,0,0,0,0
1,1,56,1,1,1,2,1,0,0,0,0,0,0,0,0
1,1,60,1,2,1,5,1,0,0,0,0,0,0,0,0
1,1,68,1,0,2,2,1,0,0,0,0,0,0,0,0
1,0,19,0,2,0,8,0,0,0,0,0,1,0,0,0
1,1,57,1,8,2,3,0,0,0,0,1,0,0,0,0
1,0,19,0,5,0,5,0,0,0,0,0,1,0,0,0
0,1,51,1,3,1,6,1,0,0,0,0,0,0,0,0
0,1,86,0,1,2,2,1,0,0,0,0,0,0,0,0
0,1,74,0,1,2,2,0,0,0,0,0,0,0,1,0
1,0,23,0,6,0,2,0,0,0,1,0,0,0,0,0
1,1,47,1,0,1,2,1,0,0,0,0,0,0,0,0
0,0,19,0,7,0,6,0,0,0,0,0,1,0,0,0
1,1,50,0,0,2,4,1,0,0,0,0,0,0,0,0
1,1,80,1,2,2,2,0,0,0,0,0,0,0,1,0
1,1,78,0,2,0,1,0,0,0,0,0,0,0,1,0
0,0,48,1,0,0,1,0,1,0,0,0,0,0,0,0
1,1,70,1,1,1,2,0,1,0,0,0,0,0,0,0
1,1,50,1,3,2,5,0,0,0,0,1,0,0,0,0
0,1,83,1,0,2,2,0,0,0,0,0,0,0,1,0
1,0,35,1,0,0,1,0,0,0,1,0,0,0,0,0
0,0,36,1,0,0,2,1,0,0,0,0,0,0,0,0
0,0,35,1,1,0,1,1,0,0,0,0,0,0,0,0
1,1,35,1,0,1,2,1,0,0,0,0,0,0,0,0
1,0,18,0,3,0,3,0,0,0,0,0,1,0,0,0
0,1,73,1,1,1,2,1,0,0,0,0,0,0,0,0
1,1,62,0,1,2,3,1,0,0,0,0,0,0,0,0
0,1,46,1,1,1,2,1,0,0,0,0,0,0,0,0
1,1,43,1,0,0,4,0,0,0,1,0,0,0,0,0
0,0,32,1,7,0,1,0,0,0,1,0,0,0,0,0
1,0,39,1,0,0,1,1,0,0,0,0,0,0,0,0
0,1,89,1,0,2,2,0,0,0,0,0,0,0,1,0
0,0,18,0,0,0,3,0,0,0,0,0,1,0,0,0
0,1,57,1,0,2,2,1,0,0,0,0,0,0,0,0
0,0,18,0,0,0,4,0,0,0,1,0,0,0,0,0
0,1,71,1,1,2,2,1,0,0,0,0,0,0,0,0
0,1,69,1,0,1,2,1,0,0,0,0,0,0,0,0
0,0,42,1,0,0,4,0,0,0,0,0,1,0,0,0
0,1,80,1,1,2,2,0,0,0,0,0,0,0,1,0
1,1,69,0,2,0,1,0,0,0,1,0,0,0,0,0
0,1,67,1,0,1,3,1,0,0,0,0,0,0,0,0
0,1,47,1,1,1,4,0,1,0,0,0,0,0,0,0
0,1,49,1,0,1,2,1,0,0,0,0,0,0,0,0
0,1,32,0,9,0,4,0,0,1,0,0,0,0,0,0
0,1,65,1,1,1,4,0,0,0,0,0,0,0,1,0
0,1,78,0,0,2,2,0,0,0,0,0,0,0,1,0
1,0,33,1,1,0,6,1,0,0,0,0,0,0,0,0
1,1,48,1,1,0,1,1,0,0,0,0,0,0,0,0
1,1,58,1,1,1,5,0,0,0,0,1,0,0,0,0
0,1,83,1,1,2,2,0,0,0,0,0,0,0,1,0
0,0,30,0,9,0,4,0,0,0,0,0,1,0,0,0
0,0,35,1,0,0,2,1,0,0,0,0,0,0,0,0
1,0,32,1,6,0,5,0,0,0,0,0,1,0,0,0
1,1,69,1,1,2,2,0,0,0,0,0,0,1,0,0
0,1,71,1,1,2,2,0,0,0,0,0,0,0,1,0
1,0,43,1,0,0,1,0,0,0,0,0,0,0,1,0
1,1,37,1,0,0,2,1,0,0,0,0,0,0,0,0
1,0,42,1,0,0,1,0,1,0,0,0,0,0,0,0
0,1,70,1,1,1,2,0,1,0,0,0,0,0,0,0
1,0,46,1,0,0,2,1,0,0,0,0,0,0,0,0
1,0,21,0,2,0,2,0,0,0,0,0,1,0,0,0
1,1,70,1,0,1,2,1,0,0,0,0,0,0,0,0
0,1,61,1,1,0,2,1,0,0,0,0,0,0,0,0
1,1,60,1,1,0,1,0,0,0,1,0,0,0,0,0
1,0,37,1,0,0,2,0,0,0,1,0,0,0,0,0
1,1,30,1,1,0,2,0,0,0,0,0,1,0,0,0
0,0,32,1,1,0,3,0,0,1,0,0,0,0,0,0
1,1,26,1,0,0,3,0,0,0,0,1,0,0,0,0
1,0,42,1,0,0,1,0,0,0,0,0,0,0,0,1
0,0,18,0,2,0,2,0,1,0,0,0,0,0,0,0
1,1,80,0,2,0,2,0,0,0,0,1,0,0,0,0
1,1,29,1,8,2,2,0,0,0,0,0,1,0,0,0
0,1,88,1,1,2,2,1,0,0,0,0,0,0,0,0
1,1,70,1,1,0,1,0,0,0,0,0,0,0,1,0
0,1,50,1,1,2,4,1,0,0,0,0,0,0,0,0
1,1,43,1,4,1,4,0,1,0,0,0,0,0,0,0
1,1,51,1,6,1,2,1,0,0,0,0,0,0,0,0
0,1,50,1,2,2,3,1,0,0,0,0,0,0,0,0
0,1,74,0,2,0,1,0,0,0,0,0,0,1,0,0
0,0,29,1,2,0,3,0,0,0,0,0,1,0,0,0
0,0,32,1,2,0,2,0,0,1,0,0,0,0,0,0
1,1,60,0,0,0,2,0,0,0,0,1,0,0,0,0
1,0,46,1,2,0,1,1,0,0,0,0,0,0,0,0
0,1,81,1,0,0,2,0,0,0,0,0,0,0,0,1
1,1,41,0,2,1,7,0,0,1,0,0,0,0,0,0
1,1,22,0,0,2,4,0,0,0,0,1,0,0,0,0
1,1,37,1,0,1,3,1,0,0,0,0,0,0,0,0
1,1,43,0,0,0,1,0,0,1,0,0,0,0,0,0
1,1,50,1,1,1,3,1,0,0,0,0,0,0,0,0
0,1,35,1,1,1,2,1,0,0,0,0,0,0,0,0
1,1,65,0,1,2,2,0,0,0,0,0,0,0,1,0
0,0,41,1,0,0,4,0,0,1,0,0,0,0,0,0
1,0,28,0,8,0,2,0,0,0,1,0,0,0,0,0
1,1,55,1,4,1,2,1,0,0,0,0,0,0,0,0
0,1,58,0,2,2,2,0,0,0,0,0,0,0,1,0
1,0,28,0,1,0,3,0,0,0,0,0,1,0,0,0
1,1,48,1,2,1,4,1,0,0,0,0,0,0,0,0
0,1,78,0,1,2,2,0,1,0,0,0,0,0,0,0
0,0,35,1,1,0,3,0,1,0,0,0,0,0,0,0
0,1,76,1,0,2,2,0,0,0,0,0,0,0,1,0
0,1,88,1,1,2,2,0,0,0,0,0,0,0,1,0
0,1,79,1,2,2,2,1,0,0,0,0,0,0,0,0
1,0,30,0,0,0,4,0,1,0,0,0,0,0,0,0
1,1,69,0,0,2,2,0,0,0,0,1,0,0,0,0
1,1,65,1,1,1,2,0,1,0,0,0,0,0,0,0
0,1,70,1,1,0,2,0,0,0,0,0,0,0,1,0
1,1,32,0,0,1,4,0,0,0,0,0,1,0,0,0
1,1,46,1,2,0,4,0,0,0,1,0,0,0,0,0
1,0,21,0,8,0,5,0,0,0,0,0,1,0,0,0
1,1,47,1,2,0,3,0,1,0,0,0,0,0,0,0
0,0,39,0,0,0,2,0,0,0,0,0,0,0,0,1
1,1,85,1,0,0,3,0,0,0,0,0,0,0,1,0
0,0,66,1,0,0,2,1,0,0,0,0,0,0,0,0
0,1,50,1,1,1,2,1,0,0,0,0,0,0,0,0
0,1,42,1,0,1,3,1,0,0,0,0,0,0,0,0
1,1,53,1,9,0,1,1,0,0,0,0,0,0,0,0
1,1,37,1,2,0,2,1,0,0,0,0,0,0,0,0
0,1,45,1,1,0,2,1,0,0,0,0,0,0,0,0
0,0,66,0,2,0,1,0,0,0,0,0,0,0,1,0
1,0,33,0,2,0,2,0,0,0,0,0,0,0,0,1
1,1,40,1,4,0,1,1,0,0,0,0,0,0,0,0
0,1,35,1,1,0,1,1,0,0,0,0,0,0,0,0
1,0,27,1,2,0,2,1,0,0,0,0,0,0,0,0
0,1,48,1,0,1,3,1,0,0,0,0,0,0,0,0
0,1,56,1,0,1,2,1,0,0,0,0,0,0,0,0
1,1,25,1,2,0,6,0,0,0,0,0,1,0,0,0
0,0,30,0,2,0,8,1,0,0,0,0,0,0,0,0
0,1,46,1,7,0,3,0,0,0,1,0,0,0,0,0
1,1,49,0,0,0,2,0,0,0,0,0,0,0,1,0
1,1,72,0,1,0,4,0,0,0,0,0,0,0,0,1
0,1,79,1,2,2,2,0,0,0,0,0,0,0,1,0
0,0,35,1,2,0,3,1,0,0,0,0,0,0,0,0
0,1,77,1,0,0,1,0,0,0,0,0,0,0,1,0
0,1,79,0,2,2,2,0,0,0,0,0,0,0,1,0
1,1,42,1,6,2,4,0,0,0,0,0,1,0,0,0
0,0,42,1,2,0,1,0,0,1,0,0,0,0,0,0
1,1,67,0,2,2,2,0,0,0,0,0,0,0,1,0
1,0,26,1,1,0,1,0,0,0,0,0,1,0,0,0
1,1,67,1,1,2,2,0,0,0,0,0,0,0,1,0
1,1,55,1,1,0,1,0,0,1,0,0,0,0,0,0
1,1,46,1,8,1,2,1,0,0,0,0,0,0,0,0
1,1,32,1,7,0,2,0,0,0,0,0,1,0,0,0
0,0,49,1,13,0,1,0,0,0,0,0,0,1,0,0
1,1,59,1,1,2,2,1,0,0,0,0,0,0,0,0
1,0,22,0,8,0,5,0,0,0,0,0,1,0,0,0
0,0,28,1,8,0,1,1,0,0,0,0,0,0,0,0
1,0,28,1,1,0,3,0,0,0,1,0,0,0,0,0
1,1,75,1,2,0,1,0,0,0,0,0,0,0,1,0
0,1,37,1,13,0,2,1,0,0,0,0,0,0,0,0
1,1,50,1,0,1,2,0,1,0,0,0,0,0,0,0
0,1,50,1,1,2,4,0,0,0,0,1,0,0,0,0
0,1,88,0,2,0,2,0,0,0,0,0,0,0,1,0
0,1,35,1,3,1,5,1,0,0,0,0,0,0,0,0
1,1,31,0,2,1,3,0,0,0,1,0,0,0,0,0
1,1,46,1,0,0,1,1,0,0,0,0,0,0,0,0
0,1,50,1,1,1,4,1,0,0,0,0,0,0,0,0
0,0,33,1,7,0,3,1,0,0,0,0,0,0,0,0
1,1,49,1,0,0,1,1,0,0,0,0,0,0,0,0
1,1,52,1,1,1,3,1,0,0,0,0,0,0,0,0
1,0,25,0,0,0,3,0,0,0,0,0,1,0,0,0
0,1,41,1,6,0,1,1,0,0,0,0,0,0,0,0
0,1,68,1,0,2,2,1,0,0,0,0,0,0,0,0
1,1,40,1,5,1,5,0,0,0,1,0,0,0,0,0
0,0,62,1,2,0,1,0,1,0,0,0,0,0,0,0
0,0,20,0,2,0,4,0,0,0,0,0,1,0,0,0
1,0,28,1,1,0,5,0,0,0,1,0,0,0,0,0
1,1,57,1,0,1,2,0,1,0,0,0,0,0,0,0
0,0,25,0,8,0,2,0,0,0,0,0,1,0,0,0
0,1,63,0,8,0,1,0,0,1,0,0,0,0,0,0
0,1,26,0,1,0,3,0,0,0,1,0,0,0,0,0
0,1,50,0,0,2,3,0,0,0,0,0,0,0,0,1
0,0,30,0,9,0,4,0,0,0,0,0,0,0,0,1
0,0,26,0,2,0,4,0,0,1,0,0,0,0,0,0
1,1,61,1,1,1,3,1,0,0,0,0,0,0,0,0
1,0,42,1,3,0,1,1,0,0,0,0,0,0,0,0
1,1,88,1,4,0,2,1,0,0,0,0,0,0,0,0
1,1,45,0,3,1,3,1,0,0,0,0,0,0,0,0
0,1,86,1,1,0,1,0,0,0,0,0,0,0,1,0
1,0,18,0,1,0,5,0,0,0,0,0,1,0,0,0
1,0,37,1,2,0,1,0,0,0,1,0,0,0,0,0
1,1,46,1,1,0,1,1,0,0,0,0,0,0,0,0
1,1,58,0,2,1,2,1,0,0,0,0,0,0,0,0
0,1,72,1,8,2,2,0,0,0,0,0,0,0,1,0
0,1,50,1,0,2,3,1,0,0,0,0,0,0,0,0
1,0,46,0,3,0,3,1,0,0,0,0,0,0,0,0
1,1,57,1,2,0,1,1,0,0,0,0,0,0,0,0
1,1,42,0,9,2,6,0,0,0,0,1,0,0,0,0
1,0,20,0,2,0,4,0,0,0,0,0,1,0,0,0
1,0,19,0,2,0,3,0,0,0,0,0,1,0,0,0
1,0,19,0,4,0,4,0,0,0,0,0,1,0,0,0
1,1,68,1,1,0,1,0,0,0,0,1,0,0,0,0
0,1,40,1,0,0,2,1,0,0,0,0,0,0,0,0
1,1,82,0,2,2,2,0,0,0,0,0,0,0,1,0
0,0,23,0,1,0,3,0,0,0,0,0,1,0,0,0
0,1,84,0,1,2,2,0,0,0,0,0,0,0,1,0
1,1,51,0,0,0,4,1,0,0,0,0,0,0,0,0
0,1,41,1,1,1,5,1,0,0,0,0,0,0,0,0
1,1,51,0,1,2,2,0,0,0,0,1,0,0,0,0
0,1,62,0,2,1,3,1,0,0,0,0,0,0,0,0
0,1,62,0,1,2,4,0,0,0,0,0,0,0,1,0
0,1,38,1,8,0,1,1,0,0,0,0,0,0,0,0
1,0,18,0,2,0,4,1,0,0,0,0,0,0,0,0
1,0,22,0,3,0,4,0,0,0,0,0,1,0,0,0
0,1,62,1,1,0,1,0,0,0,1,0,0,0,0,0
0,0,43,0,1,0,3,0,0,0,1,0,0,0,0,0
0,0,32,1,2,0,1,0,0,1,0,0,0,0,0,0
1,1,37,1,1,2,2,1,0,0,0,0,0,0,0,0
1,0,48,1,1,0,1,1,0,0,0,0,0,0,0,0
0,0,31,1,4,0,2,0,0,1,0,0,0,0,0,0
1,1,46,0,4,2,4,1,0,0,0,0,0,0,0,0
0,1,49,0,1,1,4,0,0,1,0,0,0,0,0,0
1,1,43,0,2,1,4,0,1,0,0,0,0,0,0,0
1,0,42,1,8,0,1,1,0,0,0,0,0,0,0,0
1,1,37,1,2,0,2,0,1,0,0,0,0,0,0,0
1,1,72,1,2,2,2,0,0,0,1,0,0,0,0,0
0,0,39,1,1,0,1,0,0,1,0,0,0,0,0,0
1,0,20,0,0,0,5,0,0,0,0,0,1,0,0,0
1,1,72,1,1,0,1,0,0,0,0,1,0,0,0,0
1,1,70,1,0,0,1,0,0,0,0,0,1,0,0,0
1,0,45,1,2,0,1,1,0,0,0,0,0,0,0,0
1,0,33,0,7,0,5,0,0,0,0,1,0,0,0,0
1,1,50,0,0,1,3,0,0,0,1,0,0,0,0,0
1,0,31,1,6,0,1,0,0,0,1,0,0,0,0,0
0,1,68,0,2,2,2,1,0,0,0,0,0,0,0,0
0,0,49,1,2,0,1,1,0,0,0,0,0,0,0,0
1,1,49,1,0,2,2,0,0,0,0,0,0,0,0,1
0,0,18,0,1,0,3,0,0,0,0,0,1,0,0,0
0,1,85,0,2,1,2,0,0,0,1,0,0,0,0,0
0,0,38,1,2,0,4,0,0,0,1,0,0,0,0,0
1,1,28,0,0,0,4,1,0,0,0,0,0,0,0,0
1,1,46,0,3,1,2,1,0,0,0,0,0,0,0,0
1,1,59,1,9,1,3,0,0,0,0,0,0,1,0,0
0,1,56,1,0,0,2,1,0,0,0,0,0,0,0,0
1,1,69,1,0,0,1,1,0,0,0,0,0,0,0,0
1,1,66,1,0,0,2,1,0,0,0,0,0,0,0,0
1,0,18,0,4,0,6,0,0,0,0,0,1,0,0,0
1,0,36,1,4,0,1,1,0,0,0,0,0,0,0,0
1,0,31,1,1,0,2,0,0,0,0,0,0,0,0,1
1,1,67,0,1,2,2,0,0,0,0,1,0,0,0,0
0,0,39,1,7,0,1,1,0,0,0,0,0,0,0,0
1,0,42,1,4,0,3,0,0,0,1,0,0,0,0,0
1,1,50,1,0,0,2,1,0,0,0,0,0,0,0,0
0,1,37,1,0,1,2,1,0,0,0,0,0,0,0,0
0,0,59,1,0,0,1,1,0,0,0,0,0,0,0,0
1,1,50,1,8,0,2,1,0,0,0,0,0,0,0,0
1,1,48,1,8,0,3,1,0,0,0,0,0,0,0,0
1,1,55,1,9,0,1,1,0,0,0,0,0,0,0,0
0,0,33,1,1,0,3,0,1,0,0,0,0,0,0,0
1,0,38,1,13,0,1,1,0,0,0,0,0,0,0,0
1,0,43,1,0,0,2,1,0,0,0,0,0,0,0,0
0,0,53,1,0,0,2,1,0,0,0,0,0,0,0,0
1,0,37,1,0,0,1,0,0,0,1,0,0,0,0,0
0,0,36,1,5,0,1,1,0,0,0,0,0,0,0,0
1,0,36,1,5,0,1,1,0,0,0,0,0,0,0,0
1,1,62,1,1,0,1,1,0,0,0,0,0,0,0,0
0,0,38,0,2,0,2,1,0,0,0,0,0,0,0,0
1,0,55,1,1,0,1,0,0,0,1,0,0,0,0,0
1,1,60,0,1,1,2,0,0,0,1,0,0,0,0,0
0,1,36,1,7,1,2,0,0,0,1,0,0,0,0,0
1,0,30,0,5,0,9,0,0,0,1,0,0,0,0,0
0,0,66,0,4,0,3,0,0,0,1,0,0,0,0,0
1,1,45,1,1,0,1,0,0,0,1,0,0,0,0,0
0,0,40,1,6,0,2,0,0,0,1,0,0,0,0,0
0,1,62,1,4,0,1,0,0,0,0,0,0,1,0,0
1,1,61,1,1,0,2,1,0,0,0,0,0,0,0,0
0,1,50,1,4,0,2,1,0,0,0,0,0,0,0,0
1,1,53,1,3,0,2,0,0,0,1,0,0,0,0,0
1,0,39,1,7,0,1,1,0,0,0,0,0,0,0,0
0,0,86,1,0,0,1,0,0,0,0,0,0,0,1,0
1,1,50,1,1,0,1,1,0,0,0,0,0,0,0,0
0,0,46,0,4,0,2,0,0,0,1,0,0,0,0,0
1,0,52,1,0,0,1,0,0,0,0,0,0,0,0,1
0,0,45,0,0,0,1,0,0,0,0,0,0,0,0,1
0,0,37,1,9,0,1,1,0,0,0,0,0,0,0,0
0,1,36,1,3,0,1,0,0,1,0,0,0,0,0,0
0,0,25,1,2,0,1,1,0,0,0,0,0,0,0,0
0,0,40,0,1,0,1,0,1,0,0,0,0,0,0,0
1,1,41,1,11,2,2,1,0,0,0,0,0,0,0,0
0,1,25,1,2,2,2,0,0,0,0,0,0,1,0,0
1,1,80,0,4,1,2,0,0,0,0,0,0,0,1,0
0,0,46,1,3,0,1,1,0,0,0,0,0,0,0,0
0,1,81,1,1,0,1,0,0,0,0,0,0,0,1,0
0,0,26,1,8,0,3,0,0,0,0,0,1,0,0,0
1,0,26,1,1,0,1,1,0,0,0,0,0,0,0,0
0,0,47,1,0,0,1,1,0,0,0,0,0,0,0,0
0,1,71,1,0,0,2,0,0,0,1,0,0,0,0,0
1,1,48,1,1,1,5,0,0,1,0,0,0,0,0,0
1,1,39,1,1,1,3,1,0,0,0,0,0,0,0,0
1,1,50,1,8,1,2,1,0,0,0,0,0,0,0,0
0,0,46,1,1,0,2,1,0,0,0,0,0,0,0,0
1,1,26,1,8,1,2,0,0,1,0,0,0,0,0,0
0,1,36,1,4,0,2,1,0,0,0,0,0,0,0,0
1,0,29,1,1,0,4,0,0,0,0,0,1,0,0,0
0,0,39,0,1,0,1,1,0,0,0,0,0,0,0,0
0,0,41,1,0,0,3,1,0,0,0,0,0,0,0,0
0,1,48,1,8,0,2,0,0,0,0,0,0,0,0,1
1,1,40,1,9,2,3,0,0,0,1,0,0,0,0,0
0,0,25,1,4,0,3,0,0,0,0,0,1,0,0,0
0,1,41,1,7,0,2,1,0,0,0,0,0,0,0,0
1,0,37,1,11,0,1,1,0,0,0,0,0,0,0,0
0,0,53,1,0,0,2,0,1,0,0,0,0,0,0,0
0,1,51,1,0,1,3,0,0,1,0,0,0,0,0,0
1,1,73,1,1,1,3,0,0,0,1,0,0,0,0,0
1,0,39,1,5,0,1,0,0,0,1,0,0,0,0,0
0,0,19,0,0,0,4,0,0,0,0,0,1,0,0,0
0,0,19,0,0,0,7,0,0,0,0,0,1,0,0,0
0,0,23,0,1,0,5,0,0,0,1,0,0,0,0,0
1,1,83,1,0,2,2,0,0,0,0,1,0,0,0,0
0,1,62,1,1,2,2,1,0,0,0,0,0,0,0,0
0,0,43,1,9,0,4,1,0,0,0,0,0,0,0,0
0,0,27,0,0,0,5,1,0,0,0,0,0,0,0,0
1,0,50,1,0,0,1,1,0,0,0,0,0,0,0,0
0,0,23,0,0,0,6,0,0,0,1,0,0,0,0,0
1,0,35,0,9,0,2,0,0,0,1,0,0,0,0,0
1,0,32,0,9,0,3,0,0,0,0,0,1,0,0,0
0,0,42,1,2,0,3,0,1,0,0,0,0,0,0,0
1,0,33,0,13,0,1,0,0,0,1,0,0,0,0,0
0,0,28,1,9,0,3,0,0,0,1,0,0,0,0,0
0,0,35,1,9,0,2,0,0,0,0,0,1,0,0,0
0,1,39,1,0,0,2,0,0,0,1,0,0,0,0,0
1,1,35,1,11,0,6,0,0,0,1,0,0,0,0,0
0,1,45,1,0,1,2,0,0,1,0,0,0,0,0,0
1,0,52,0,1,0,1,0,0,0,1,0,0,0,0,0
1,0,28,0,0,0,3,0,0,0,0,0,1,0,0,0
1,1,38,1,9,0,3,0,0,0,0,0,1,0,0,0
0,0,42,1,8,0,1,0,0,0,1,0,0,0,0,0
0,0,26,0,9,0,2,0,1,0,0,0,0,0,0,0
0,0,27,1,7,0,2,0,0,0,0,0,1,0,0,0
1,1,41,1,0,0,2,1,0,0,0,0,0,0,0,0
1,1,41,1,1,0,2,1,0,0,0,0,0,0,0,0
1,1,47,1,0,2,4,0,0,0,0,1,0,0,0,0
1,0,35,1,8,0,1,0,1,0,0,0,0,0,0,0
0,0,88,1,0,0,1,0,0,0,0,0,0,0,1,0
0,0,46,1,6,0,1,1,0,0,0,0,0,0,0,0
0,1,41,1,3,0,2,1,0,0,0,0,0,0,0,0
0,0,30,1,10,0,5,0,1,0,0,0,0,0,0,0
1,1,43,1,12,0,2,0,1,0,0,0,0,0,0,0
0,0,29,1,9,0,2,0,0,0,1,0,0,0,0,0
0,1,61,1,4,1,6,1,0,0,0,0,0,0,0,0
0,0,51,1,2,0,1,0,0,0,0,0,0,0,1,0
0,0,38,1,2,0,1,1,0,0,0,0,0,0,0,0
0,0,43,1,9,0,1,0,0,0,0,0,1,0,0,0
1,0,27,0,14,0,4,0,0,0,0,0,1,0,0,0
0,0,35,0,14,0,6,0,1,0,0,0,0,0,0,0
0,1,39,0,4,1,2,0,1,0,0,0,0,0,0,0
0,1,52,0,9,0,2,0,0,1,0,0,0,0,0,0
0,0,38,1,10,0,1,0,0,1,0,0,0,0,0,0
0,0,30,1,12,0,2,0,0,0,1,0,0,0,0,0
0,0,43,1,10,0,1,1,0,0,0,0,0,0,0,0
0,0,42,0,10,0,4,0,0,0,1,0,0,0,0,0
0,0,46,1,2,0,1,1,0,0,0,0,0,0,0,0
0,0,47,1,11,0,2,1,0,0,0,0,0,0,0,0
0,0,32,0,13,0,5,0,0,0,1,0,0,0,0,0
0,1,53,1,11,1,2,1,0,0,0,0,0,0,0,0
0,1,43,1,12,1,2,1,0,0,0,0,0,0,0,0
0,0,39,1,0,0,2,1,0,0,0,0,0,0,0,0
0,0,37,1,3,0,1,1,0,0,0,0,0,0,0,0
1,0,30,0,1,0,1,0,0,0,0,0,0,0,0,1
0,1,49,1,0,0,1,1,0,0,0,0,0,0,0,0
1,1,55,1,0,0,3,0,0,0,0,0,1,0,0,0
0,1,59,1,1,0,2,0,1,0,0,0,0,0,0,0
0,1,46,1,2,0,2,1,0,0,0,0,0,0,0,0
0,1,27,1,9,2,2,0,0,0,0,1,0,0,0,0
0,0,25,1,1,0,2,1,0,0,0,0,0,0,0,0
0,0,37,1,1,0,1,0,1,0,0,0,0,0,0,0
1,0,38,1,9,0,3,1,0,0,0,0,0,0,0,0
1,0,29,1,9,0,3,0,0,0,1,0,0,0,0,0
1,0,28,1,11,0,2,1,0,0,0,0,0,0,0,0
0,1,27,1,8,0,2,0,0,0,0,0,0,0,0,1
0,0,42,0,3,0,2,0,0,0,1,0,0,0,0,0
0,0,43,1,14,0,2,1,0,0,0,0,0,0,0,0
0,1,40,1,8,1,2,0,0,0,0,0,1,0,0,0
1,0,41,1,9,0,3,1,0,0,0,0,0,0,0,0
1,1,46,0,8,0,1,0,0,0,1,0,0,0,0,0
0,0,32,1,9,0,3,0,0,0,0,0,1,0,0,0
0,0,56,1,1,0,1,0,0,0,1,0,0,0,0,0
1,0,28,1,12,0,1,0,0,0,0,0,0,0,0,1
0,0,25,1,0,0,3,1,0,0,0,0,0,0,0,0
1,1,42,1,6,0,7,1,0,0,0,0,0,0,0,0
0,0,41,1,5,0,2,0,0,0,1,0,0,0,0,0
1,1,36,1,3,0,2,0,0,0,0,0,1,0,0,0
0,0,42,1,2,0,1,1,0,0,0,0,0,0,0,0
0,0,42,1,8,0,4,1,0,0,0,0,0,0,0,0
0,0,55,1,1,0,2,0,0,0,1,0,0,0,0,0
1,1,52,1,1,2,2,0,0,0,1,0,0,0,0,0
0,0,47,1,1,0,1,0,0,1,0,0,0,0,0,0
0,0,26,1,8,0,1,1,0,0,0,0,0,0,0,0
0,0,28,0,5,0,2,1,0,0,0,0,0,0,0,0
0,0,37,1,0,0,1,0,1,0,0,0,0,0,0,0
1,0,25,0,2,0,1,0,0,0,0,0,0,0,0,1
1,1,50,1,1,2,4,0,0,0,0,1,0,0,0,0
0,0,42,1,5,0,1,0,1,0,0,0,0,0,0,0
1,0,48,1,2,0,1,1,0,0,0,0,0,0,0,0
0,0,37,1,9,0,2,0,0,0,1,0,0,0,0,0
0,0,30,0,1,0,5,0,0,1,0,0,0,0,0,0
1,1,26,0,2,0,4,0,0,0,1,0,0,0,0,0
0,1,47,1,2,1,2,1,0,0,0,0,0,0,0,0
1,0,36,0,2,0,4,0,0,0,0,0,1,0,0,0
1,1,53,0,2,1,4,0,1,0,0,0,0,0,0,0
1,0,30,0,1,0,6,0,0,0,1,0,0,0,0,0
0,0,20,0,4,0,7,0,0,0,0,0,1,0,0,0
0,0,19,0,8,0,5,0,0,0,0,0,0,0,0,1
1,0,19,0,9,0,6,0,0,0,0,0,1,0,0,0
0,0,37,0,12,0,2,0,0,0,0,0,0,0,0,1
1,0,20,0,0,0,6,0,0,0,0,0,1,0,0,0
0,0,26,1,1,0,3,0,0,1,0,0,0,0,0,0
1,0,31,0,0,0,4,0,1,0,0,0,0,0,0,0
1,1,31,1,2,2,3,0,0,0,0,0,1,0,0,0
0,1,41,1,9,1,3,0,0,1,0,0,0,0,0,0
0,1,32,0,2,1,2,0,0,0,0,0,0,1,0,0
0,1,42,1,0,1,3,0,0,0,0,0,0,1,0,0
0,1,89,0,1,0,2,0,0,0,0,0,0,0,1,0
1,1,78,0,1,2,3,0,0,0,0,0,0,0,1,0
0,1,65,1,1,0,2,0,0,0,0,0,0,0,1,0
0,1,48,1,0,1,2,0,0,0,0,0,0,1,0,0
1,0,36,1,8,0,2,1,0,0,0,0,0,0,0,0
0,1,55,1,0,1,4,1,0,0,0,0,0,0,0,0
1,1,52,1,0,1,2,0,0,1,0,0,0,0,0,0
1,1,52,1,7,1,3,0,0,0,0,0,0,1,0,0
0,1,36,1,2,0,1,0,0,1,0,0,0,0,0,0
0,0,37,0,7,0,1,0,0,1,0,0,0,0,0,0
0,0,40,0,1,0,2,0,0,0,0,0,1,0,0,0
1,1,38,1,2,1,2,0,0,0,0,0,0,1,0,0
1,0,25,0,0,0,3,0,1,0,0,0,0,0,0,0
0,0,33,1,1,0,4,0,0,1,0,0,0,0,0,0
0,0,28,0,0,0,1,0,0,0,1,0,0,0,0,0
1,0,18,0,0,0,6,0,0,0,0,0,0,0,0,1
1,0,52,0,0,0,3,0,0,0,1,0,0,0,0,0
1,0,26,1,0,0,2,0,0,0,0,0,1,0,0,0
1,0,18,0,0,0,4,0,0,0,0,0,1,0,0,0
0,0,20,0,1,0,2,0,0,0,0,0,0,0,0,1
0,1,36,1,0,1,3,0,1,0,0,0,0,0,0,0
1,1,27,1,8,1,2,0,1,0,0,0,0,0,0,0
1,0,21,0,2,0,5,0,0,0,0,0,1,0,0,0
1,0,27,1,8,0,4,0,0,0,1,0,0,0,0,0
0,0,28,1,2,0,2,0,0,0,0,0,1,0,0,0
1,1,63,1,2,0,4,0,0,0,0,0,0,0,1,0
1,0,48,1,2,0,2,0,0,0,1,0,0,0,0,0
1,1,80,1,1,0,2,0,0,0,0,0,0,0,1,0
0,1,71,1,7,2,3,0,0,0,0,0,0,0,1,0
1,1,47,0,8,2,4,0,1,0,0,0,0,0,0,0
0,0,40,0,2,0,6,0,0,0,1,0,0,0,0,0
0,0,18,0,2,0,2,0,0,0,0,0,1,0,0,0
0,0,26,1,0,0,4,1,0,0,0,0,0,0,0,0
0,1,73,1,2,0,5,0,0,0,0,0,0,0,1,0
0,0,37,0,1,0,2,0,1,0,0,0,0,0,0,0
1,1,59,1,2,0,2,0,0,0,1,0,0,0,0,0
0,0,28,0,8,0,1,0,0,0,0,0,0,1,0,0
0,1,29,1,9,0,3,1,0,0,0,0,0,0,0,0
0,1,37,1,7,1,3,0,0,0,0,0,0,0,0,1
0,1,46,1,2,1,3,0,0,0,0,0,0,0,0,1
0,0,33,0,8,0,1,0,0,0,0,0,0,1,0,0
0,0,32,1,2,0,2,0,1,0,0,0,0,0,0,0
0,0,32,0,6,0,2,0,1,0,0,0,0,0,0,0
0,1,48,1,9,1,2,0,0,0,0,0,0,1,0,0
0,0,27,0,8,0,1,0,0,0,0,0,0,1,0,0
0,0,49,1,1,0,1,1,0,0,0,0,0,0,0,0
0,1,33,1,8,1,5,0,0,1,0,0,0,0,0,0
0,0,33,0,7,0,6,0,0,1,0,0,0,0,0,0
1,1,39,1,0,0,3,1,0,0,0,0,0,0,0,0
1,1,50,1,0,1,4,0,0,0,1,0,0,0,0,0
0,1,84,1,0,0,2,0,0,0,0,0,0,0,1,0
0,1,46,1,0,1,2,1,0,0,0,0,0,0,0,0
1,1,31,0,0,1,3,0,0,0,1,0,0,0,0,0
1,1,57,1,3,1,2,1,0,0,0,0,0,0,0,0
1,1,73,0,1,2,4,0,0,0,0,1,0,0,0,0
1,1,36,1,9,0,4,0,0,0,1,0,0,0,0,0
1,0,53,1,2,0,4,0,0,0,0,0,0,0,0,1
1,1,41,1,9,1,2,0,0,0,1,0,0,0,0,0
0,0,53,0,0,0,2,0,0,1,0,0,0,0,0,0
1,1,35,1,2,1,3,1,0,0,0,0,0,0,0,0
1,1,62,1,0,1,3,1,0,0,0,0,0,0,0,0
1,0,23,0,0,0,3,0,0,0,0,0,0,0,0,1
1,0,51,1,1,0,2,1,0,0,0,0,0,0,0,0
0,1,83,0,1,2,2,0,0,0,0,0,0,0,1,0
0,0,26,1,0,0,2,0,0,0,0,0,1,0,0,0
1,1,86,1,1,0,1,0,0,0,0,0,0,0,1,0
1,0,26,1,0,0,4,0,0,0,0,0,1,0,0,0
1,1,42,1,0,0,3,0,0,0,0,1,0,0,0,0
0,1,41,1,9,0,1,0,0,0,0,0,0,1,0,0
1,1,67,0,0,0,3,0,0,0,0,0,0,0,1,0
1,1,68,1,1,2,2,0,0,0,0,0,0,0,1,0
0,1,45,0,0,2,2,0,0,1,0,0,0,0,0,0
0,1,86,0,0,2,2,0,0,0,0,0,0,0,1,0
1,1,62,1,0,2,2,1,0,0,0,0,0,0,0,0
1,1,42,1,1,0,2,1,0,0,0,0,0,0,0,0
1,0,26,1,0,0,3,0,1,0,0,0,0,0,0,0
1,0,48,0,1,0,1,0,0,0,1,0,0,0,0,0
1,1,40,0,3,1,5,0,0,0,1,0,0,0,0,0
1,0,20,0,0,0,4,0,0,0,0,0,1,0,0,0
0,0,25,1,1,0,1,1,0,0,0,0,0,0,0,0
1,0,37,1,1,0,2,1,0,0,0,0,0,0,0,0
1,1,77,1,1,0,1,0,0,0,0,0,0,0,1,0
1,1,50,1,2,0,2,0,0,0,0,0,1,0,0,0
0,0,22,0,0,0,4,0,0,0,0,0,0,0,0,1
1,0,26,1,1,0,3,1,0,0,0,0,0,0,0,0
1,1,71,0,0,1,3,0,1,0,0,0,0,0,0,0
1,1,50,1,2,0,2,1,0,0,0,0,0,0,0,0
1,0,29,0,1,0,1,0,0,0,1,0,0,0,0,0
1,1,51,1,2,0,4,0,0,0,1,0,0,0,0,0
1,1,52,1,6,1,4,1,0,0,0,0,0,0,0,0
1,0,20,0,1,0,3,0,0,0,0,0,1,0,0,0
1,0,26,1,0,0,9,0,1,0,0,0,0,0,0,0
1,0,37,1,2,0,2,0,0,0,0,0,1,0,0,0
0,0,33,1,2,0,2,0,0,0,0,0,1,0,0,0
0,1,39,1,0,0,2,1,0,0,0,0,0,0,0,0
0,1,53,0,1,1,5,1,0,0,0,0,0,0,0,0
1,1,49,0,0,1,4,0,0,0,1,0,0,0,0,0
1,0,21,0,0,0,2,0,0,0,0,0,1,0,0,0
1,1,39,0,8,0,1,0,0,0,0,0,0,1,0,0
0,1,38,0,2,1,4,1,0,0,0,0,0,0,0,0
1,0,22,0,4,0,4,0,0,0,0,0,1,0,0,0
1,1,52,0,2,1,4,1,0,0,0,0,0,0,0,0
1,0,40,1,2,0,3,0,0,0,1,0,0,0,0,0
1,0,20,0,8,0,3,0,1,0,0,0,0,0,0,0
1,0,41,1,1,0,3,0,0,0,0,1,0,0,0,0
1,0,30,1,1,0,1,1,0,0,0,0,0,0,0,0
0,1,89,1,1,2,3,0,0,0,0,0,0,0,1,0
1,1,83,0,1,2,3,0,0,0,0,0,0,0,1,0
1,1,53,1,0,1,3,1,0,0,0,0,0,0,0,0
1,0,31,0,1,0,5,0,1,0,0,0,0,0,0,0
1,1,48,1,1,1,4,1,0,0,0,0,0,0,0,0
0,0,29,0,0,0,2,0,1,0,0,0,0,0,0,0
1,1,87,1,0,0,1,0,0,0,0,0,0,0,1,0
1,0,19,0,4,0,7,0,0,1,0,0,0,0,0,0
1,1,60,0,1,0,2,0,0,0,1,0,0,0,0,0
1,0,23,0,1,0,2,0,0,0,0,0,1,0,0,0
1,1,61,1,9,2,4,0,0,0,0,1,0,0,0,0
0,0,27,1,1,0,3,1,0,0,0,0,0,0,0,0
1,1,32,0,14,1,2,0,1,0,0,0,0,0,0,0
1,0,19,0,1,0,4,0,0,0,0,0,1,0,0,0
1,1,42,1,0,2,3,0,0,0,0,1,0,0,0,0
1,1,76,0,1,0,1,0,0,0,0,0,0,0,1,0
0,1,41,0,1,1,2,0,0,0,0,0,0,0,0,1
1,1,38,1,0,1,4,0,0,0,1,0,0,0,0,0
1,1,43,1,0,1,3,0,0,0,1,0,0,0,0,0
1,0,19,0,1,0,3,0,0,0,0,0,1,0,0,0
0,0,28,1,1,0,3,0,0,0,0,0,1,0,0,0
1,1,56,1,0,1,4,1,0,0,0,0,0,0,0,0
1,0,28,1,0,0,3,0,0,1,0,0,0,0,0,0
1,1,60,0,1,2,2,0,0,0,0,0,0,0,0,1
0,0,55,1,0,0,2,1,0,0,0,0,0,0,0,0
1,1,35,1,1,1,2,0,0,0,1,0,0,0,0,0
1,0,25,0,5,0,5,0,0,0,0,0,1,0,0,0
1,1,71,1,1,0,1,1,0,0,0,0,0,0,0,0
1,1,65,0,2,2,2,0,0,0,0,0,0,0,1,0
1,1,74,1,1,0,1,0,0,0,0,0,0,0,1,0
0,0,20,0,5,0,4,0,0,0,0,0,1,0,0,0
1,1,43,0,9,0,2,0,0,0,1,0,0,0,0,0
0,0,20,0,3,0,6,0,0,0,0,0,0,0,0,1
1,1,40,1,2,2,5,0,0,0,0,0,1,0,0,0
0,1,46,1,0,2,5,0,0,1,0,0,0,0,0,0
0,1,65,0,1,2,7,0,0,0,0,0,0,0,1,0
1,1,50,0,1,0,7,0,0,0,0,0,1,0,0,0
1,0,18,0,0,0,5,0,0,0,0,0,1,0,0,0
0,1,61,1,1,0,7,0,1,0,0,0,0,0,0,0
1,1,39,0,2,2,4,0,0,0,0,1,0,0,0,0
0,1,52,0,1,2,2,0,0,0,0,0,0,0,1,0
1,1,56,1,0,2,5,0,0,0,0,1,0,0,0,0
1,1,55,1,2,0,6,0,0,0,0,1,0,0,0,0
1,1,42,0,1,1,5,0,0,1,0,0,0,0,0,0
0,0,33,0,0,0,6,0,0,0,0,0,0,1,0,0
1,0,19,0,8,0,4,0,0,0,0,0,1,0,0,0
0,0,27,0,1,0,1,0,0,1,0,0,0,0,0,0
0,1,38,1,1,1,4,1,0,0,0,0,0,0,0,0
0,0,38,0,1,0,4,1,0,0,0,0,0,0,0,0
0,1,43,1,8,0,1,0,1,0,0,0,0,0,0,0
1,1,53,1,1,1,4,1,0,0,0,0,0,0,0,0
1,1,33,0,4,2,4,0,0,0,0,1,0,0,0,0
0,0,30,1,7,0,2,0,0,0,0,0,1,0,0,0
0,0,22,0,6,0,3,0,0,0,0,0,1,0,0,0
1,0,33,0,0,0,4,0,1,0,0,0,0,0,0,0
1,0,21,0,1,0,8,0,0,0,0,0,1,0,0,0
1,0,20,0,1,0,5,0,0,0,0,0,1,0,0,0
1,0,19,0,7,0,3,0,0,0,0,0,1,0,0,0
0,1,58,1,1,1,4,0,0,0,1,0,0,0,0,0
1,1,67,1,1,2,2,1,0,0,0,0,0,0,0,0
0,1,36,1,1,0,2,0,0,0,1,0,0,0,0,0
0,0,30,0,8,0,2,0,0,0,0,0,0,1,0,0
1,0,23,0,1,0,4,0,0,0,0,0,0,1,0,0
0,0,42,1,1,0,2,0,0,0,1,0,0,0,0,0
0,0,37,0,8,0,3,0,0,0,0,0,0,0,0,1
0,1,58,0,9,0,4,0,0,0,1,0,0,0,0,0
0,1,26,0,7,1,2,0,0,1,0,0,0,0,0,0
1,0,39,1,9,0,2,0,0,0,1,0,0,0,0,0
0,0,23,0,2,0,4,0,0,0,0,0,0,0,0,1
1,1,41,0,8,1,4,0,0,0,0,1,0,0,0,0
1,1,26,0,0,0,3,0,0,0,1,0,0,0,0,0
0,1,25,0,3,0,3,0,0,1,0,0,0,0,0,0
1,0,19,0,2,0,4,0,0,0,0,0,1,0,0,0
1,0,36,0,0,0,5,0,0,0,0,1,0,0,0,0
1,0,29,0,9,0,4,0,0,0,0,0,1,0,0,0
1,0,26,0,1,0,1,0,0,0,0,0,0,0,0,1
0,0,78,1,2,0,1,0,0,0,0,0,0,0,1,0
0,0,55,1,2,0,1,1,0,0,0,0,0,0,0,0
1,0,26,1,2,0,3,0,0,0,0,0,1,0,0,0
0,0,46,1,0,0,1,0,0,0,1,0,0,0,0,0
1,0,29,0,0,0,4,0,0,0,0,0,1,0,0,0
0,0,36,1,10,0,1,1,0,0,0,0,0,0,0,0
1,1,27,0,1,0,6,0,0,0,0,1,0,0,0,0
0,0,29,0,8,0,3,0,0,0,0,1,0,0,0,0
0,0,25,0,1,0,4,0,0,0,0,0,0,0,0,1
0,0,30,0,10,0,6,0,0,0,0,0,0,0,0,1
0,0,21,0,0,0,2,0,0,0,0,1,0,0,0,0
0,1,41,1,2,2,2,0,0,0,0,1,0,0,0,0
1,1,38,1,2,0,2,0,0,0,1,0,0,0,0,0
0,0,28,1,9,0,1,0,0,0,0,0,1,0,0,0
1,0,33,1,1,0,5,0,1,0,0,0,0,0,0,0
1,1,31,1,7,0,2,0,0,0,0,0,1,0,0,0
1,1,45,1,0,0,2,0,0,0,0,0,1,0,0,0
1,1,47,1,0,0,5,0,0,0,0,0,0,0,0,1
0,0,39,0,0,0,1,0,0,0,0,0,1,0,0,0
0,0,47,1,1,0,2,0,0,0,0,0,0,0,0,1
0,1,53,1,0,0,1,0,1,0,0,0,0,0,0,0
1,0,27,0,1,0,4,0,1,0,0,0,0,0,0,0
1,1,37,1,1,1,2,0,0,1,0,0,0,0,0,0
0,1,62,1,1,1,3,1,0,0,0,0,0,0,0,0
0,0,29,0,0,0,7,0,0,1,0,0,0,0,0,0
0,1,51,1,0,0,1,1,0,0,0,0,0,0,0,0
1,0,30,0,1,0,6,0,0,0,0,0,0,0,0,1
1,0,18,0,0,0,4,0,0,0,1,0,0,0,0,0
0,1,87,1,2,2,2,0,0,0,0,0,0,0,1,0
1,1,68,1,0,0,2,0,0,0,0,0,0,0,0,1
1,1,84,1,5,0,1,0,0,0,0,0,0,0,1,0
1,0,22,0,2,0,9,0,0,0,0,0,1,0,0,0
0,0,22,0,2,0,4,0,1,0,0,0,0,0,0,0
1,0,21,0,1,0,3,0,0,0,0,0,1,0,0,0
0,1,89,0,2,2,2,0,0,0,0,0,0,0,1,0
1,1,73,0,0,2,2,0,0,0,0,0,0,0,1,0
0,1,75,1,0,2,2,0,0,0,0,0,0,0,1,0
0,0,20,0,6,0,4,0,1,0,0,0,0,0,0,0
1,0,22,0,1,0,2,0,0,0,0,0,1,0,0,0
0,0,22,0,0,0,4,0,0,0,0,0,1,0,0,0
1,1,63,1,0,1,2,1,0,0,0,0,0,0,0,0
1,1,46,1,1,1,3,1,0,0,0,0,0,0,0,0
1,1,58,0,0,1,2,1,0,0,0,0,0,0,0,0
0,0,41,1,1,0,3,1,0,0,0,0,0,0,0,0
1,1,42,1,0,1,2,1,0,0,0,0,0,0,0,0
0,1,43,1,6,1,2,0,0,0,0,0,1,0,0,0
0,0,49,1,3,0,1,1,0,0,0,0,0,0,0,0
0,0,40,1,0,0,1,1,0,0,0,0,0,0,0,0
1,1,53,0,8,2,2,0,0,0,0,1,0,0,0,0
1,1,36,1,4,1,2,1,0,0,0,0,0,0,0,0
1,1,42,1,1,0,1,0,0,0,0,0,1,0,0,0
1,0,30,0,0,0,4,0,0,0,0,0,1,0,0,0
1,0,29,0,2,0,5,0,0,0,0,0,1,0,0,0
1,0,28,1,1,0,2,0,0,0,1,0,0,0,0,0
1,0,27,1,1,0,4,0,0,0,0,0,1,0,0,0
1,0,49,1,0,0,1,1,0,0,0,0,0,0,0,0
1,0,32,1,1,0,1,0,0,0,0,0,1,0,0,0
1,0,25,1,1,0,3,0,1,0,0,0,0,0,0,0
0,1,63,1,2,0,1,1,0,0,0,0,0,0,0,0
0,0,42,1,8,0,1,1,0,0,0,0,0,0,0,0
1,0,31,1,1,0,2,0,0,0,0,0,1,0,0,0
1,1,71,1,0,2,2,1,0,0,0,0,0,0,0,0
1,0,20,0,2,0,5,0,0,0,0,0,1,0,0,0
1,0,22,0,1,0,4,0,0,0,0,0,1,0,0,0
0,0,29,1,1,0,5,0,0,0,1,0,0,0,0,0
1,1,47,1,0,0,3,0,0,0,0,0,0,0,0,1
1,1,43,1,2,1,3,1,0,0,0,0,0,0,0,0
1,0,32,1,1,0,3,1,0,0,0,0,0,0,0,0
1,1,47,1,7,1,2,1,0,0,0,0,0,0,0,0
1,0,46,1,0,0,1,1,0,0,0,0,0,0,0,0
0,1,41,1,1,1,2,1,0,0,0,0,0,0,0,0
1,1,37,1,0,1,2,0,0,0,1,0,0,0,0,0
1,1,40,1,0,1,2,1,0,0,0,0,0,0,0,0
1,1,60,1,0,1,4,1,0,0,0,0,0,0,0,0
1,1,46,1,0,1,6,1,0,0,0,0,0,0,0,0
0,1,36,1,6,2,4,1,0,0,0,0,0,0,0,0
0,0,38,0,0,0,1,0,0,0,0,0,0,0,0,1
0,1,32,0,0,0,5,0,1,0,0,0,0,0,0,0
0,0,41,1,5,0,1,1,0,0,0,0,0,0,0,0
1,1,56,1,0,0,3,0,0,0,0,0,0,0,0,1
1,1,31,1,8,1,2,1,0,0,0,0,0,0,0,0
1,1,45,0,0,0,2,1,0,0,0,0,0,0,0,0
1,1,69,1,2,1,3,0,0,0,1,0,0,0,0,0
1,1,47,1,1,1,4,1,0,0,0,0,0,0,0,0
0,1,52,1,1,1,3,1,0,0,0,0,0,0,0,0
0,1,57,1,1,2,3,1,0,0,0,0,0,0,0,0
0,0,50,1,9,0,1,1,0,0,0,0,0,0,0,0
1,1,27,0,0,1,2,0,0,1,0,0,0,0,0,0
0,1,45,1,1,2,3,0,0,1,0,0,0,0,0,0
0,0,30,1,8,0,2,1,0,0,0,0,0,0,0,0
1,1,45,1,0,0,2,1,0,0,0,0,0,0,0,0
1,0,30,0,1,0,4,0,0,0,0,0,1,0,0,0
1,1,31,1,1,1,3,0,0,0,1,0,0,0,0,0
0,1,45,1,1,1,4,1,0,0,0,0,0,0,0,0
1,1,67,1,0,2,2,1,0,0,0,0,0,0,0,0
1,1,76,0,1,2,2,0,0,0,0,1,0,0,0,0
1,1,69,1,0,0,2,0,0,0,1,0,0,0,0,0
1,1,83,0,0,0,2,0,0,0,1,0,0,0,0,0
1,1,38,1,0,0,2,0,0,1,0,0,0,0,0,0
1,1,36,1,0,0,1,1,0,0,0,0,0,0,0,0
0,1,69,0,0,0,3,0,0,0,0,0,0,0,1,0
0,0,33,1,0,0,3,0,0,1,0,0,0,0,0,0
1,0,38,1,1,0,3,1,0,0,0,0,0,0,0,0
0,1,48,1,1,1,2,0,0,1,0,0,0,0,0,0
1,1,51,1,2,1,2,0,0,1,0,0,0,0,0,0
1,1,56,1,1,2,2,0,0,0,0,1,0,0,0,0
1,1,57,1,0,1,3,1,0,0,0,0,0,0,0,0
0,1,49,1,1,1,3,1,0,0,0,0,0,0,0,0
1,0,30,1,0,0,3,0,0,0,0,0,1,0,0,0
0,1,40,1,8,1,2,0,1,0,0,0,0,0,0,0
0,0,30,1,0,0,2,1,0,0,0,0,0,0,0,0
1,1,38,0,0,1,2,0,0,0,1,0,0,0,0,0
0,0,31,1,8,0,5,0,0,0,0,0,1,0,0,0
1,0,33,1,0,0,2,0,1,0,0,0,0,0,0,0
1,0,50,1,0,0,2,1,0,0,0,0,0,0,0,0
1,1,52,1,2,2,3,0,0,0,0,1,0,0,0,0
0,1,39,1,0,1,2,1,0,0,0,0,0,0,0,0
1,1,73,1,0,2,2,0,0,0,0,1,0,0,0,0
1,1,46,1,0,1,3,1,0,0,0,0,0,0,0,0
1,0,30,0,0,0,6,0,0,0,0,0,1,0,0,0
0,1,60,1,0,1,2,0,1,0,0,0,0,0,0,0
0,1,39,1,9,1,2,0,0,0,0,0,0,1,0,0
0,1,59,1,1,1,2,1,0,0,0,0,0,0,0,0
0,1,51,1,0,1,2,1,0,0,0,0,0,0,0,0
0,1,40,1,5,1,2,1,0,0,0,0,0,0,0,0
1,0,23,0,1,0,3,0,0,0,0,0,1,0,0,0
1,1,53,1,4,1,4,1,0,0,0,0,0,0,0,0
1,0,32,0,7,0,5,0,0,0,0,0,1,0,0,0
1,1,52,1,0,2,4,0,0,0,0,1,0,0,0,0
0,0,31,1,0,0,1,0,0,1,0,0,0,0,0,0
1,0,30,1,3,0,4,0,0,0,0,0,1,0,0,0
1,0,25,1,8,0,3,0,0,0,0,0,1,0,0,0
1,1,40,1,1,2,4,0,0,0,0,1,0,0,0,0
0,0,27,1,4,0,4,0,0,0,0,0,1,0,0,0
1,1,61,1,0,0,2,1,0,0,0,0,0,0,0,0
0,0,33,1,1,0,1,0,0,1,0,0,0,0,0,0
1,0,28,1,1,0,4,0,1,0,0,0,0,0,0,0
0,1,48,1,2,1,2,1,0,0,0,0,0,0,0,0
0,1,73,1,0,2,2,1,0,0,0,0,0,0,0,0
1,1,36,0,0,1,2,1,0,0,0,0,0,0,0,0
0,0,32,0,0,0,4,0,0,0,0,0,1,0,0,0
1,1,82,0,0,2,2,0,0,0,0,0,0,0,1,0
1,0,28,1,1,0,3,1,0,0,0,0,0,0,0,0
0,0,42,1,8,0,3,1,0,0,0,0,0,0,0,0
0,1,60,1,6,2,9,0,0,0,0,0,0,0,1,0
0,0,46,1,1,0,1,1,0,0,0,0,0,0,0,0
1,0,31,0,0,0,3,0,1,0,0,0,0,0,0,0
0,1,50,1,1,0,1,1,0,0,0,0,0,0,0,0
0,0,30,1,3,0,1,0,0,1,0,0,0,0,0,0
0,0,49,1,1,0,3,1,0,0,0,0,0,0,0,0
0,1,51,1,0,1,6,0,1,0,0,0,0,0,0,0
1,1,53,1,0,1,4,1,0,0,0,0,0,0,0,0
1,1,65,1,0,2,2,1,0,0,0,0,0,0,0,0
0,0,22,0,0,0,5,0,0,0,0,0,1,0,0,0
1,1,65,1,1,1,3,0,1,0,0,0,0,0,0,0
0,1,39,1,0,1,2,0,0,1,0,0,0,0,0,0
1,1,84,1,0,2,2,1,0,0,0,0,0,0,0,0
1,0,37,1,0,0,1,1,0,0,0,0,0,0,0,0
1,1,28,1,8,1,2,0,1,0,0,0,0,0,0,0
0,1,82,0,0,2,2,0,0,0,0,0,0,0,1,0
0,1,87,1,0,2,2,0,0,0,0,0,0,0,1,0
0,0,69,1,1,0,5,0,0,0,0,0,0,0,1,0
0,1,51,1,2,2,5,1,0,0,0,0,0,0,0,0
0,1,74,1,1,0,1,0,0,0,0,0,0,0,1,0
0,1,79,1,1,2,2,0,0,0,0,0,0,0,1,0
0,0,21,0,9,0,1,0,0,0,0,0,0,0,1,0
0,0,20,0,5,0,5,0,0,0,0,0,1,0,0,0
0,0,43,1,3,0,1,0,1,0,0,0,0,0,0,0
0,0,25,0,1,0,3,0,0,0,0,0,1,0,0,0
1,0,43,1,0,0,4,1,0,0,0,0,0,0,0,0
0,0,42,1,1,0,1,1,0,0,0,0,0,0,0,0
1,0,25,1,10,0,4,0,1,0,0,0,0,0,0,0
1,1,59,1,0,0,1,1,0,0,0,0,0,0,0,0
0,0,49,1,0,0,5,0,0,0,0,0,0,0,0,1
0,0,32,0,1,0,4,0,1,0,0,0,0,0,0,0
1,1,36,1,8,2,2,1,0,0,0,0,0,0,0,0
1,1,45,1,9,0,3,0,0,0,0,0,0,0,0,1
1,0,29,1,2,0,3,0,0,0,0,0,1,0,0,0
0,1,48,1,1,1,4,0,1,0,0,0,0,0,0,0
0,0,65,1,0,0,2,1,0,0,0,0,0,0,0,0
1,0,39,0,1,0,2,0,0,0,0,0,0,0,0,1
1,0,25,0,1,0,7,0,0,0,1,0,0,0,0,0
0,1,49,0,5,0,5,1,0,0,0,0,0,0,0,0
0,1,77,1,1,2,2,0,0,0,0,0,0,0,1,0
0,0,38,1,9,0,1,1,0,0,0,0,0,0,0,0
1,0,19,1,0,0,6,0,0,0,0,0,0,0,0,1
0,1,76,1,1,2,2,0,0,0,0,0,0,0,1,0
1,0,28,1,0,0,4,0,1,0,0,0,0,0,0,0
1,1,51,1,1,1,3,0,1,0,0,0,0,0,0,0
0,0,28,1,0,0,5,0,1,0,0,0,0,0,0,0
0,0,42,1,0,0,1,0,0,0,0,0,1,0,0,0
1,1,45,1,1,0,1,1,0,0,0,0,0,0,0,0
1,1,63,1,6,2,3,0,0,0,0,1,0,0,0,0
0,0,18,0,0,0,6,0,1,0,0,0,0,0,0,0
1,0,26,1,7,0,4,1,0,0,0,0,0,0,0,0
1,1,31,1,2,1,2,1,0,0,0,0,0,0,0,0
1,0,43,1,5,0,4,0,0,0,1,0,0,0,0,0
0,1,60,1,7,0,2,1,0,0,0,0,0,0,0,0
0,0,36,1,0,0,1,1,0,0,0,0,0,0,0,0
1,0,32,0,1,0,4,0,0,0,0,0,1,0,0,0
1,1,68,1,2,0,1,0,0,0,0,0,0,0,1,0
0,0,42,1,0,0,1,1,0,0,0,0,0,0,0,0
0,0,18,0,6,0,5,0,0,0,0,0,1,0,0,0
1,1,69,0,0,2,2,0,0,0,0,0,0,0,1,0
0,0,42,1,0,0,2,0,1,0,0,0,0,0,0,0
0,1,70,1,1,0,1,1,0,0,0,0,0,0,0,0
1,0,25,1,1,0,3,0,0,0,0,0,1,0,0,0
1,1,56,1,1,1,3,0,0,0,1,0,0,0,0,0
0,0,40,1,9,0,1,1,0,0,0,0,0,0,0,0
1,0,23,0,1,0,6,0,0,0,0,0,1,0,0,0
0,0,20,0,3,0,4,0,0,0,0,0,0,0,0,1
0,0,39,1,2,0,1,0,0,0,1,0,0,0,0,0
1,0,28,1,2,0,2,0,0,0,1,0,0,0,0,0
1,1,40,0,1,1,2,0,0,1,0,0,0,0,0,0
1,0,33,0,3,0,4,0,0,0,0,0,1,0,0,0
1,1,20,0,14,0,2,0,1,0,0,0,0,0,0,0
0,0,35,0,7,0,4,1,0,0,0,0,0,0,0,0
1,0,27,1,0,0,5,0,1,0,0,0,0,0,0,0
0,1,42,1,1,1,2,1,0,0,0,0,0,0,0,0
1,1,30,0,0,0,4,0,0,0,0,0,0,0,0,1
0,1,56,1,0,1,2,0,0,0,0,1,0,0,0,0
1,1,28,1,0,1,2,0,0,0,1,0,0,0,0,0
0,1,38,1,6,1,2,1,0,0,0,0,0,0,0,0
1,0,26,1,9,0,1,0,0,0,1,0,0,0,0,0
1,0,36,0,0,0,1,0,0,1,0,0,0,0,0,0
1,0,56,0,0,0,1,0,0,0,1,0,0,0,0,0
1,0,26,1,0,0,1,0,0,0,1,0,0,0,0,0
1,0,28,1,4,0,4,1,0,0,0,0,0,0,0,0
1,0,32,0,0,0,5,0,0,0,0,0,1,0,0,0
0,0,52,1,4,0,1,1,0,0,0,0,0,0,0,0
0,0,23,0,0,0,4,0,0,0,0,0,1,0,0,0
1,0,23,0,2,0,5,0,0,0,0,0,1,0,0,0
1,1,26,1,2,0,2,1,0,0,0,0,0,0,0,0
1,1,40,1,8,0,2,0,0,0,1,0,0,0,0,0
0,1,53,1,1,1,2,1,0,0,0,0,0,0,0,0
1,1,63,1,0,1,3,1,0,0,0,0,0,0,0,0
1,1,62,1,0,2,3,0,0,0,0,1,0,0,0,0
0,0,38,1,1,0,1,1,0,0,0,0,0,0,0,0
0,1,57,0,1,1,2,1,0,0,0,0,0,0,0,0
0,0,43,1,9,0,1,1,0,0,0,0,0,0,0,0
1,0,21,0,1,0,3,0,0,0,0,0,0,0,0,1
1,0,22,0,0,0,5,0,0,0,0,0,1,0,0,0
1,1,68,1,1,0,1,1,0,0,0,0,0,0,0,0
0,0,28,1,0,0,1,0,0,0,0,0,1,0,0,0
1,1,33,1,0,1,2,1,0,0,0,0,0,0,0,0
0,0,38,1,8,0,1,1,0,0,0,0,0,0,0,0
1,0,23,0,0,0,5,0,0,0,0,0,1,0,0,0
0,0,41,1,2,0,1,0,0,0,0,0,1,0,0,0
0,0,41,1,2,0,1,0,0,0,0,0,0,1,0,0
0,0,39,1,4,0,1,0,1,0,0,0,0,0,0,0
0,1,49,0,9,2,2,0,0,0,1,0,0,0,0,0
0,1,33,1,2,1,2,0,0,0,0,0,0,1,0,0
1,1,79,0,0,0,1,0,0,0,0,0,0,0,1,0
1,1,38,1,6,1,4,1,0,0,0,0,0,0,0,0
1,0,21,0,1,0,4,0,0,0,0,0,1,0,0,0
0,1,68,1,0,1,2,0,1,0,0,0,0,0,0,0
1,0,31,1,0,0,3,1,0,0,0,0,0,0,0,0
1,1,46,0,1,0,3,1,0,0,0,0,0,0,0,0
1,1,35,1,9,1,2,1,0,0,0,0,0,0,0,0
1,1,87,0,0,0,1,0,0,0,0,0,0,0,1,0
0,1,88,0,2,2,1,0,0,0,0,0,0,0,1,0
0,0,42,1,9,0,1,1,0,0,0,0,0,0,0,0
0,1,26,1,4,1,2,1,0,0,0,0,0,0,0,0
1,1,35,1,0,2,3,0,0,0,0,1,0,0,0,0
0,1,41,0,3,2,2,0,0,1,0,0,0,0,0,0
1,1,37,1,1,1,2,0,1,0,0,0,0,0,0,0
0,1,41,1,8,1,4,0,0,1,0,0,0,0,0,0
0,0,33,1,0,0,9,0,0,0,0,0,0,0,0,1
0,1,61,1,2,1,4,0,0,1,0,0,0,0,0,0
0,0,19,0,1,0,3,0,1,0,0,0,0,0,0,0
0,0,50,1,4,0,1,1,0,0,0,0,0,0,0,0
0,1,48,0,0,1,4,0,0,1,0,0,0,0,0,0
1,1,57,0,1,1,3,0,0,0,0,0,0,0,0,1
0,1,72,0,1,1,3,0,0,1,0,0,0,0,0,0
0,0,39,0,4,0,2,0,0,1,0,0,0,0,0,0
0,1,49,1,0,0,3,0,1,0,0,0,0,0,0,0
0,0,41,1,0,0,4,0,0,0,1,0,0,0,0,0
1,1,65,0,2,2,7,0,0,0,0,1,0,0,0,0
0,0,22,0,0,0,3,0,0,0,0,0,0,0,0,1
0,1,41,0,0,0,1,1,0,0,0,0,0,0,0,0
0,1,42,1,0,0,3,0,0,1,0,0,0,0,0,0
1,0,18,0,0,0,3,0,0,0,0,0,1,0,0,0
1,1,49,0,1,0,2,0,1,0,0,0,0,0,0,0
0,1,40,0,0,0,2,0,1,0,0,0,0,0,0,0
1,1,50,0,1,1,5,0,0,0,0,1,0,0,0,0
0,0,19,0,6,0,3,0,0,0,0,0,1,0,0,0
1,0,22,0,0,0,6,0,0,0,0,0,1,0,0,0
1,0,27,1,4,0,6,1,0,0,0,0,0,0,0,0
1,1,55,0,0,2,8,0,0,0,0,1,0,0,0,0
1,1,57,0,2,0,2,0,0,0,1,0,0,0,0,0
1,1,80,0,0,2,2,0,0,0,0,0,0,0,1,0
1,1,43,0,0,0,4,0,0,0,0,1,0,0,0,0
1,0,25,0,1,0,3,0,0,0,1,0,0,0,0,0
0,1,58,1,0,1,4,0,0,0,0,0,0,1,0,0
0,1,78,1,2,2,2,0,0,0,0,0,0,0,1,0
1,1,76,1,1,0,2,0,0,0,0,0,0,0,1,0
1,0,27,0,1,0,3,0,0,0,0,0,1,0,0,0
1,1,47,1,1,1,3,1,0,0,0,0,0,0,0,0
1,1,43,1,1,1,2,1,0,0,0,0,0,0,0,0
1,0,31,1,1,0,4,0,0,0,0,0,1,0,0,0
1,0,27,0,0,0,7,0,0,0,0,0,1,0,0,0
1,0,31,1,0,0,4,0,0,0,0,0,1,0,0,0
1,1,46,1,1,0,2,1,0,0,0,0,0,0,0,0
1,1,48,1,1,1,4,0,0,0,0,1,0,0,0,0
1,1,51,1,2,0,2,0,1,0,0,0,0,0,0,0
1,1,57,0,0,1,2,0,1,0,0,0,0,0,0,0
0,0,30,1,0,0,1,0,1,0,0,0,0,0,0,0
0,0,37,1,2,0,3,0,0,0,0,0,0,0,0,1
0,0,31,1,14,0,2,1,0,0,0,0,0,0,0,0
1,1,49,1,1,1,3,1,0,0,0,0,0,0,0,0
1,1,56,1,1,0,4,1,0,0,0,0,0,0,0,0
1,1,83,0,8,2,2,0,0,0,0,0,0,0,1,0
1,0,32,1,2,0,1,0,0,0,0,0,1,0,0,0
1,1,63,1,5,1,4,1,0,0,0,0,0,0,0,0
0,1,71,1,1,1,2,0,1,0,0,0,0,0,0,0
1,1,50,0,0,0,4,1,0,0,0,0,0,0,0,0
1,0,31,1,4,0,5,1,0,0,0,0,0,0,0,0
1,1,60,0,0,1,6,0,0,0,1,0,0,0,0,0
0,1,71,1,8,2,2,0,0,0,0,0,0,0,1,0
1,1,49,1,0,1,6,0,1,0,0,0,0,0,0,0
1,1,74,1,9,0,1,0,0,0,0,0,0,0,1,0
1,1,51,1,1,1,6,1,0,0,0,0,0,0,0,0
1,1,61,0,0,0,2,0,0,0,1,0,0,0,0,0
1,0,46,1,0,0,3,0,0,1,0,0,0,0,0,0
1,1,39,0,2,1,2,0,1,0,0,0,0,0,0,0
1,1,85,1,1,2,2,0,0,0,0,0,0,0,1,0
0,1,31,1,1,1,2,1,0,0,0,0,0,0,0,0
1,1,39,1,4,2,3,0,0,0,0,1,0,0,0,0
0,1,48,0,1,2,2,0,1,0,0,0,0,0,0,0
1,1,71,1,0,2,2,0,0,0,0,0,0,0,1,0
0,0,31,1,2,0,1,0,0,0,0,0,1,0,0,0
0,0,32,1,0,0,5,0,0,0,0,0,1,0,0,0
0,1,55,0,0,0,1,0,0,1,0,0,0,0,0,0
1,1,46,1,0,2,2,1,0,0,0,0,0,0,0,0
1,1,53,1,2,1,2,0,1,0,0,0,0,0,0,0
1,1,50,1,0,1,4,1,0,0,0,0,0,0,0,0
1,0,45,1,1,0,1,1,0,0,0,0,0,0,0,0
1,1,33,0,1,1,2,0,0,0,0,1,0,0,0,0
0,1,29,0,5,0,2,0,0,1,0,0,0,0,0,0
1,0,35,1,8,0,1,1,0,0,0,0,0,0,0,0
1,0,25,0,1,0,1,0,1,0,0,0,0,0,0,0
1,0,26,1,0,0,3,0,0,0,0,0,1,0,0,0
1,0,48,1,1,0,2,1,0,0,0,0,0,0,0,0
1,1,66,0,0,2,3,0,0,0,0,0,0,0,1,0
0,1,38,0,0,0,3,1,0,0,0,0,0,0,0,0
1,1,65,1,2,1,3,0,0,0,1,0,0,0,0,0
1,1,87,0,1,0,1,0,0,0,0,0,0,0,1,0
1,0,22,0,9,0,4,0,0,0,0,0,1,0,0,0
1,0,18,0,0,0,2,0,0,0,0,0,1,0,0,0
1,0,18,0,1,0,9,0,0,0,0,0,0,0,0,1
1,0,19,0,0,0,2,0,0,0,0,0,1,0,0,0
1,0,22,0,0,0,8,0,0,0,0,0,1,0,0,0
1,0,31,0,4,0,4,0,0,0,0,0,1,0,0,0
1,1,63,0,0,1,2,1,0,0,0,0,0,0,0,0
1,0,43,1,1,0,1,1,0,0,0,0,0,0,0,0
1,0,73,0,0,0,2,0,0,1,0,0,0,0,0,0
0,1,39,0,0,0,2,0,0,1,0,0,0,0,0,0
1,0,31,1,1,0,5,0,0,0,0,0,1,0,0,0
1,0,31,1,0,0,5,1,0,0,0,0,0,0,0,0
1,1,43,0,0,1,4,1,0,0,0,0,0,0,0,0
1,1,52,0,0,1,3,1,0,0,0,0,0,0,0,0
0,1,63,1,0,1,3,0,1,0,0,0,0,0,0,0
1,1,51,1,1,2,4,0,0,0,0,1,0,0,0,0
1,1,35,1,1,0,7,0,0,0,0,0,1,0,0,0
0,1,32,0,2,1,2,0,0,0,1,0,0,0,0,0
0,1,39,1,9,2,4,0,0,0,0,0,0,1,0,0
0,0,25,0,1,0,6,0,0,0,0,0,1,0,0,0
0,0,33,0,9,0,1,0,0,0,0,0,0,1,0,0
1,1,36,0,0,1,5,0,0,0,0,1,0,0,0,0
0,1,35,1,2,0,2,0,1,0,0,0,0,0,0,0
0,1,52,1,2,1,5,1,0,0,0,0,0,0,0,0
0,1,42,1,1,0,2,0,0,1,0,0,0,0,0,0
0,1,57,0,2,2,2,0,0,0,0,0,0,1,0,0
0,0,30,1,1,0,3,0,0,0,1,0,0,0,0,0
0,1,73,1,1,2,2,0,0,0,0,0,0,0,1,0
1,1,66,1,3,2,2,0,0,1,0,0,0,0,0,0
0,1,62,1,9,1,5,1,0,0,0,0,0,0,0,0
0,1,36,1,4,0,1,1,0,0,0,0,0,0,0,0
1,0,33,0,0,0,3,0,0,1,0,0,0,0,0,0
1,0,28,0,0,0,8,0,0,0,0,0,1,0,0,0
0,1,48,1,3,1,2,1,0,0,0,0,0,0,0,0
0,1,27,0,1,0,2,0,1,0,0,0,0,0,0,0
0,1,71,0,0,2,2,0,0,0,0,0,0,0,0,1
0,0,41,1,0,0,1,1,0,0,0,0,0,0,0,0
0,1,39,0,0,0,4,0,0,0,1,0,0,0,0,0
0,0,29,0,9,0,8,0,0,1,0,0,0,0,0,0
0,0,33,1,7,0,7,1,0,0,0,0,0,0,0,0
0,0,31,0,0,0,2,0,0,0,0,0,1,0,0,0
1,1,25,0,4,1,3,0,0,1,0,0,0,0,0,0
0,1,52,0,4,0,1,0,1,0,0,0,0,0,0,0
1,1,41,0,0,2,7,0,0,0,0,1,0,0,0,0
0,1,27,0,2,2,6,0,1,0,0,0,0,0,0,0
0,1,39,0,1,1,5,0,0,1,0,0,0,0,0,0
1,0,32,0,3,0,7,0,1,0,0,0,0,0,0,0
1,0,19,0,1,0,5,0,0,0,0,0,1,0,0,0
1,0,30,1,1,0,3,1,0,0,0,0,0,0,0,0
0,0,31,1,0,0,6,0,0,1,0,0,0,0,0,0
0,1,43,0,2,1,4,0,0,1,0,0,0,0,0,0
0,1,63,0,2,1,6,0,0,0,0,0,0,0,0,1
0,1,37,1,2,1,3,0,0,1,0,0,0,0,0,0
1,1,37,0,0,1,6,1,0,0,0,0,0,0,0,0
0,1,31,1,9,1,2,0,0,0,0,0,0,1,0,0
0,0,38,1,4,0,1,1,0,0,0,0,0,0,0,0
0,1,41,1,2,2,6,0,0,0,1,0,0,0,0,0
0,1,45,1,3,1,3,1,0,0,0,0,0,0,0,0
1,1,35,1,2,1,4,0,1,0,0,0,0,0,0,0
0,1,43,0,1,0,5,0,0,1,0,0,0,0,0,0
0,0,33,0,2,0,3,0,0,0,0,0,1,0,0,0
1,0,26,0,14,0,3,0,0,0,0,0,0,1,0,0
0,1,39,0,2,1,2,1,0,0,0,0,0,0,0,0
1,1,49,0,1,2,2,1,0,0,0,0,0,0,0,0
1,1,53,0,1,1,4,0,0,0,1,0,0,0,0,0
1,1,52,1,5,2,5,0,0,0,0,1,0,0,0,0
0,1,66,0,0,1,2,0,0,0,0,0,0,0,1,0
1,0,26,0,6,0,2,0,0,0,1,0,0,0,0,0
1,1,38,1,2,0,5,0,0,0,0,0,0,0,0,1
0,0,25,0,2,0,4,0,0,0,0,0,0,1,0,0
0,1,53,0,8,1,2,1,0,0,0,0,0,0,0,0
0,1,87,0,0,2,2,0,0,0,0,0,0,0,1,0
1,0,28,0,1,0,2,0,0,0,0,0,1,0,0,0
0,1,37,1,7,2,3,1,0,0,0,0,0,0,0,0
0,1,42,1,2,0,1,1,0,0,0,0,0,0,0,0
0,1,25,0,1,1,2,1,0,0,0,0,0,0,0,0
0,1,33,0,6,0,3,0,0,1,0,0,0,0,0,0
0,0,33,1,2,0,3,0,0,0,0,0,1,0,0,0
1,0,33,0,2,0,4,0,0,0,0,0,1,0,0,0
1,0,26,0,1,0,3,0,0,0,1,0,0,0,0,0
1,0,32,0,6,0,4,0,1,0,0,0,0,0,0,0
0,0,25,0,2,0,1,0,0,0,0,0,1,0,0,0
0,0,18,0,1,0,2,0,0,0,0,0,1,0,0,0
0,0,22,0,0,0,4,0,0,1,0,0,0,0,0,0
1,1,46,1,0,2,4,1,0,0,0,0,0,0,0,0
1,1,45,1,0,1,3,1,0,0,0,0,0,0,0,0
0,1,52,1,1,1,3,0,0,1,0,0,0,0,0,0
0,1,42,1,2,1,5,0,0,1,0,0,0,0,0,0
1,1,47,0,1,1,3,0,0,0,1,0,0,0,0,0
1,1,45,0,2,1,4,0,0,0,0,0,0,1,0,0
1,0,32,0,2,0,2,0,0,0,0,0,1,0,0,0
1,1,41,0,5,2,3,0,0,0,0,1,0,0,0,0
0,0,28,1,2,0,1,0,0,0,0,0,0,1,0,0
1,1,37,0,9,2,4,0,0,0,0,1,0,0,0,0
0,1,20,0,8,1,2,0,0,1,0,0,0,0,0,0
0,1,73,1,3,0,1,0,0,0,0,0,0,0,1,0
1,1,51,1,0,1,3,1,0,0,0,0,0,0,0,0
1,1,18,1,2,1,4,0,0,1,0,0,0,0,0,0
1,1,42,0,1,1,3,0,0,1,0,0,0,0,0,0
0,0,23,0,0,0,3,0,1,0,0,0,0,0,0,0
1,1,31,1,2,0,2,0,0,0,0,0,0,1,0,0
0,1,33,1,1,0,3,0,0,0,0,0,0,1,0,0
1,0,21,0,9,0,6,0,0,0,0,0,1,0,0,0
1,1,51,1,5,1,7,0,1,0,0,0,0,0,0,0
1,1,47,1,0,1,4,1,0,0,0,0,0,0,0,0
1,0,22,0,1,0,3,0,0,0,0,0,1,0,0,0
0,0,32,1,9,0,4,0,0,1,0,0,0,0,0,0
0,0,30,1,8,0,1,0,0,0,0,0,1,0,0,0
1,1,61,1,1,0,1,0,1,0,0,0,0,0,0,0
1,1,43,0,0,1,4,0,0,0,1,0,0,0,0,0
1,0,25,1,8,0,1,0,1,0,0,0,0,0,0,0
1,1,46,0,0,1,3,0,0,0,1,0,0,0,0,0
0,1,53,0,12,0,2,0,0,1,0,0,0,0,0,0
1,1,55,1,0,2,2,0,1,0,0,0,0,0,0,0
0,1,42,0,0,0,3,0,0,1,0,0,0,0,0,0
0,0,26,1,11,0,1,0,0,0,0,0,0,0,0,1
1,0,29,0,0,0,3,0,0,0,0,0,1,0,0,0
1,1,39,1,4,1,4,1,0,0,0,0,0,0,0,0
1,1,38,1,1,1,3,1,0,0,0,0,0,0,0,0
1,1,69,1,2,1,2,0,0,0,1,0,0,0,0,0
0,0,25,0,6,0,3,1,0,0,0,0,0,0,0,0
0,0,26,1,4,0,4,1,0,0,0,0,0,0,0,0
1,1,51,0,0,2,5,0,0,0,0,1,0,0,0,0
1,1,30,0,8,1,2,0,0,0,0,0,0,1,0,0
0,1,28,0,2,1,2,0,0,0,0,0,0,1,0,0
0,0,33,0,8,0,2,0,0,0,0,0,0,1,0,0
0,0,41,1,2,0,1,0,0,1,0,0,0,0,0,0
1,0,71,0,2,0,2,0,0,0,0,0,0,0,1,0
1,1,42,1,5,2,3,0,0,0,0,1,0,0,0,0
1,1,71,1,2,0,1,0,0,0,0,0,0,0,1,0
1,1,35,0,6,1,5,1,0,0,0,0,0,0,0,0
1,0,28,0,0,0,5,0,0,0,0,0,0,0,0,1
1,1,31,1,1,1,2,1,0,0,0,0,0,0,0,0
0,1,77,0,0,2,2,0,0,0,0,0,0,0,1,0
0,1,71,1,0,0,1,0,0,1,0,0,0,0,0,0
0,1,47,1,0,1,2,0,0,1,0,0,0,0,0,0
0,0,26,0,9,0,1,0,0,0,0,0,0,1,0,0
1,1,40,0,4,1,4,0,1,0,0,0,0,0,0,0
0,1,72,1,0,2,2,0,0,0,0,0,0,0,1,0
0,1,73,1,1,2,2,1,0,0,0,0,0,0,0,0
1,0,26,1,1,0,6,0,0,0,0,0,1,0,0,0
0,1,57,1,2,2,3,0,0,1,0,0,0,0,0,0
1,1,30,0,2,1,3,1,0,0,0,0,0,0,0,0
0,1,36,0,2,1,3,1,0,0,0,0,0,0,0,0
1,1,52,0,10,1,4,0,0,0,1,0,0,0,0,0
1,1,42,1,3,1,2,1,0,0,0,0,0,0,0,0
1,1,52,0,2,0,1,0,0,1,0,0,0,0,0,0
1,1,28,1,0,1,3,1,0,0,0,0,0,0,0,0
0,1,43,0,7,0,1,0,0,0,0,0,0,1,0,0
1,0,43,1,2,0,1,1,0,0,0,0,0,0,0,0
1,0,25,0,0,0,4,0,1,0,0,0,0,0,0,0
1,1,52,1,1,2,3,0,0,0,0,1,0,0,0,0
0,0,28,1,9,0,1,0,0,0,0,0,0,1,0,0
1,1,56,1,0,1,4,0,0,0,1,0,0,0,0,0
1,1,38,0,12,2,7,0,0,0,0,1,0,0,0,0
1,1,83,0,1,2,2,0,0,0,0,0,0,0,1,0
1,1,82,1,2,2,2,0,0,0,0,0,0,0,1,0
1,1,32,1,8,0,2,0,0,0,0,0,0,1,0,0
0,0,35,1,12,0,1,0,0,0,0,0,0,1,0,0
1,1,40,1,0,0,2,0,0,0,0,0,0,0,0,1
0,0,25,1,13,0,1,0,0,0,0,0,0,1,0,0
0,1,39,1,2,1,3,1,0,0,0,0,0,0,0,0
1,0,25,1,7,0,1,1,0,0,0,0,0,0,0,0
1,1,52,1,0,0,4,1,0,0,0,0,0,0,0,0
1,0,33,0,0,0,4,1,0,0,0,0,0,0,0,0
1,0,28,1,6,0,3,1,0,0,0,0,0,0,0,0
0,0,43,1,0,0,1,1,0,0,0,0,0,0,0,0
1,0,30,1,8,0,2,1,0,0,0,0,0,0,0,0
0,1,84,1,1,2,2,0,0,0,0,0,0,0,1,0
1,1,48,1,6,2,4,0,0,0,0,1,0,0,0,0
0,1,55,0,3,1,2,0,0,1,0,0,0,0,0,0
0,1,37,1,8,0,1,0,0,0,0,0,0,1,0,0
1,1,38,1,11,1,3,0,0,1,0,0,0,0,0,0
0,0,28,1,2,0,3,0,1,0,0,0,0,0,0,0
1,1,86,1,2,0,1,0,0,0,0,0,0,0,1,0
0,0,35,0,9,0,1,0,0,0,0,0,0,1,0,0
1,0,35,0,0,0,2,0,0,0,1,0,0,0,0,0
0,1,46,0,0,0,1,0,0,0,0,0,0,0,1,0
0,1,79,1,0,0,1,0,0,0,0,0,0,0,1,0
1,1,63,1,5,2,2,0,0,0,0,0,0,0,1,0
0,1,50,1,2,2,3,0,1,0,0,0,0,0,0,0
0,0,35,1,0,0,1,0,0,0,1,0,0,0,0,0
1,1,65,0,2,0,1,0,1,0,0,0,0,0,0,0
1,1,50,0,0,1,4,1,0,0,0,0,0,0,0,0
0,0,27,0,2,0,2,0,0,0,0,0,0,1,0,0
1,1,45,1,0,2,3,0,0,0,0,1,0,0,0,0
0,0,36,1,0,0,4,0,0,0,0,0,0,1,0,0
1,1,43,0,11,1,2,0,0,0,1,0,0,0,0,0
1,1,62,1,1,2,5,0,0,0,0,0,0,0,0,1
1,1,57,1,2,1,2,1,0,0,0,0,0,0,0,0
1,0,51,0,9,0,1,0,0,0,0,0,0,0,0,1
0,1,27,0,0,0,4,1,0,0,0,0,0,0,0,0
0,1,83,0,2,2,2,0,0,0,0,0,0,0,1,0
1,1,50,1,6,0,3,0,0,0,1,0,0,0,0,0
1,1,75,1,1,2,3,0,0,0,0,1,0,0,0,0
1,0,28,0,2,0,2,0,0,0,0,1,0,0,0,0
1,1,39,1,9,1,2,1,0,0,0,0,0,0,0,0
0,1,69,1,0,1,2,0,1,0,0,0,0,0,0,0
0,0,41,1,1,0,1,1,0,0,0,0,0,0,0,0
0,1,39,0,1,2,3,0,0,0,1,0,0,0,0,0
1,0,47,1,0,0,1,1,0,0,0,0,0,0,0,0
0,1,62,1,1,0,1,0,0,1,0,0,0,0,0,0
1,1,49,1,5,1,3,0,1,0,0,0,0,0,0,0
0,1,52,1,8,0,2,1,0,0,0,0,0,0,0,0
0,1,48,0,2,1,2,0,0,0,1,0,0,0,0,0
0,0,26,1,7,0,2,0,0,0,0,0,1,0,0,0
0,1,72,1,1,0,1,0,0,1,0,0,0,0,0,0
0,1,47,1,0,0,3,1,0,0,0,0,0,0,0,0
0,0,19,0,1,0,2,0,0,0,0,0,1,0,0,0
0,0,21,0,1,0,3,0,0,0,0,0,1,0,0,0
1,0,39,0,1,0,1,0,0,0,1,0,0,0,0,0
0,0,52,1,0,0,1,1,0,0,0,0,0,0,0,0
1,1,37,0,8,1,3,0,0,0,1,0,0,0,0,0
1,1,51,0,0,0,2,0,0,0,1,0,0,0,0,0
1,1,48,0,1,1,3,0,0,1,0,0,0,0,0,0
1,0,22,0,2,0,3,0,0,0,0,0,1,0,0,0
1,1,47,1,1,2,4,0,0,0,0,1,0,0,0,0
0,1,45,0,0,1,3,0,0,1,0,0,0,0,0,0
0,0,29,0,5,0,2,0,0,1,0,0,0,0,0,0
0,1,47,0,1,0,1,0,1,0,0,0,0,0,0,0
1,1,41,1,8,1,2,0,0,0,1,0,0,0,0,0
0,1,32,0,9,1,4,0,0,0,0,0,0,1,0,0
1,1,31,0,2,0,3,0,0,0,0,0,0,0,0,1
1,0,20,0,1,0,3,0,0,0,0,0,0,0,0,1
0,1,46,1,0,1,3,1,0,0,0,0,0,0,0,0
1,1,70,1,3,0,1,0,0,0,0,0,0,0,1,0
1,1,65,1,1,1,3,1,0,0,0,0,0,0,0,0
1,1,29,0,9,0,1,0,0,0,0,0,0,1,0,0
1,1,41,1,3,1,2,0,0,0,1,0,0,0,0,0
1,1,50,0,0,0,5,0,0,0,0,1,0,0,0,0
1,1,38,1,9,1,2,0,0,0,1,0,0,0,0,0
1,1,37,0,2,1,2,0,0,0,0,1,0,0,0,0
0,1,30,0,6,0,2,0,0,1,0,0,0,0,0,0
0,1,63,1,1,0,1,0,0,1,0,0,0,0,0,0
1,1,42,1,6,1,2,1,0,0,0,0,0,0,0,0
1,1,41,0,0,2,3,0,0,0,0,1,0,0,0,0
0,1,60,1,2,2,4,0,0,1,0,0,0,0,0,0
1,1,46,1,1,0,2,0,0,1,0,0,0,0,0,0
0,1,83,0,0,2,2,0,0,0,0,0,0,0,1,0
1,1,27,1,3,0,2,0,0,0,0,0,1,0,0,0
0,0,22,0,1,0,4,0,0,0,0,0,1,0,0,0
0,1,40,1,0,0,2,0,0,1,0,0,0,0,0,0
0,0,28,1,0,0,6,0,1,0,0,0,0,0,0,0
1,0,28,1,2,0,1,0,1,0,0,0,0,0,0,0
1,1,28,0,0,0,2,0,0,0,1,0,0,0,0,0
0,0,20,0,0,0,4,0,0,0,0,0,1,0,0,0
0,1,53,0,0,1,6,0,0,1,0,0,0,0,0,0
0,1,35,1,0,0,2,0,1,0,0,0,0,0,0,0
1,0,30,1,6,0,4,0,0,0,0,0,1,0,0,0
0,1,46,1,2,0,1,1,0,0,0,0,0,0,0,0
0,0,36,1,3,0,4,0,0,1,0,0,0,0,0,0
0,1,38,1,4,2,3,1,0,0,0,0,0,0,0,0
0,1,26,0,1,1,2,0,0,0,0,0,0,0,0,1
0,1,45,1,1,0,1,0,1,0,0,0,0,0,0,0
0,1,46,1,5,2,2,0,0,0,0,1,0,0,0,0
1,0,25,1,0,0,1,0,1,0,0,0,0,0,0,0
1,0,27,0,0,0,7,0,0,0,0,0,0,0,0,1
0,1,42,1,6,0,1,0,1,0,0,0,0,0,0,0
1,1,55,1,6,0,1,0,1,0,0,0,0,0,0,0
1,1,27,0,2,2,2,0,1,0,0,0,0,0,0,0
1,0,31,0,0,0,4,0,0,0,0,0,0,0,0,1
0,1,38,0,6,1,5,0,0,0,1,0,0,0,0,0
1,1,43,1,2,1,2,0,0,0,1,0,0,0,0,0
0,1,59,1,2,2,3,1,0,0,0,0,0,0,0,0
1,1,61,0,1,1,3,0,0,0,0,1,0,0,0,0
0,1,27,1,1,0,2,0,0,1,0,0,0,0,0,0
1,1,26,0,1,2,5,0,0,0,0,1,0,0,0,0
1,1,39,1,2,1,4,1,0,0,0,0,0,0,0,0
1,1,47,0,0,1,3,0,0,0,1,0,0,0,0,0
1,1,52,1,1,1,4,1,0,0,0,0,0,0,0,0
1,1,59,1,2,2,2,0,0,0,0,0,0,0,1,0
1,1,57,0,1,1,2,0,0,1,0,0,0,0,0,0
0,1,86,1,1,2,2,0,0,0,0,0,0,0,1,0
1,1,49,1,2,1,2,1,0,0,0,0,0,0,0,0
1,0,30,0,2,0,4,0,1,0,0,0,0,0,0,0
0,1,43,0,0,1,4,0,0,1,0,0,0,0,0,0
1,0,19,0,2,0,5,0,0,0,0,0,1,0,0,0
0,1,43,1,0,0,1,0,1,0,0,0,0,0,0,0
1,0,31,0,0,0,4,0,0,0,0,0,1,0,0,0
1,1,30,0,1,2,2,0,0,0,0,1,0,0,0,0
1,1,27,1,8,1,3,0,1,0,0,0,0,0,0,0
1,1,36,1,2,2,4,0,0,0,0,1,0,0,0,0
1,1,47,1,0,0,2,0,0,0,0,1,0,0,0,0
1,1,35,1,1,2,4,0,0,0,0,1,0,0,0,0
1,1,25,1,0,0,2,0,0,0,1,0,0,0,0,0
0,1,25,0,0,0,3,1,0,0,0,0,0,0,0,0
1,0,38,0,1,0,1,1,0,0,0,0,0,0,0,0
0,0,32,0,0,0,3,0,0,1,0,0,0,0,0,0
1,1,48,0,1,2,6,0,0,0,0,1,0,0,0,0
0,0,38,0,10,0,1,1,0,0,0,0,0,0,0,0
1,1,70,0,2,2,2,0,0,0,0,1,0,0,0,0
1,0,42,1,2,0,1,0,0,0,0,0,0,0,0,1
0,1,85,1,1,2,2,1,0,0,0,0,0,0,0,0
0,0,25,1,1,0,3,0,0,0,0,0,1,0,0,0
0,0,31,1,1,0,2,0,1,0,0,0,0,0,0,0
0,0,20,0,3,0,4,0,0,0,0,0,1,0,0,0
1,0,33,1,8,0,2,1,0,0,0,0,0,0,0,0
0,0,52,0,5,0,1,1,0,0,0,0,0,0,0,0
0,0,21,0,9,0,5,0,0,0,0,0,1,0,0,0
0,0,42,1,0,0,1,0,0,1,0,0,0,0,0,0
0,1,35,1,2,1,4,0,0,0,0,0,0,1,0,0
1,1,39,1,0,1,4,1,0,0,0,0,0,0,0,0
0,1,41,1,1,1,2,0,1,0,0,0,0,0,0,0
0,0,18,0,1,0,5,0,0,0,0,0,1,0,0,0
1,0,22,0,0,0,1,0,0,0,0,0,1,0,0,0
0,1,25,0,2,0,2,0,0,1,0,0,0,0,0,0
0,0,20,0,4,0,5,0,0,0,0,0,1,0,0,0
0,0,20,0,1,0,5,0,0,0,0,0,1,0,0,0
1,0,21,0,0,0,4,0,0,0,0,0,0,0,0,1
0,0,25,0,1,0,4,0,0,0,0,0,1,0,0,0
0,1,60,1,2,1,2,1,0,0,0,0,0,0,0,0
0,1,46,0,0,1,5,0,0,1,0,0,0,0,0,0
1,1,68,0,1,2,2,0,0,0,0,1,0,0,0,0
1,0,27,1,0,0,3,0,1,0,0,0,0,0,0,0
1,1,59,1,1,2,4,0,0,0,0,1,0,0,0,0
1,1,26,1,0,1,2,1,0,0,0,0,0,0,0,0
0,1,32,0,1,1,2,0,1,0,0,0,0,0,0,0
1,0,33,0,0,0,6,0,0,0,0,0,1,0,0,0
1,0,28,1,0,0,3,0,0,0,0,0,1,0,0,0
0,0,30,1,0,0,3,0,0,0,0,0,1,0,0,0
0,0,32,1,2,0,1,1,0,0,0,0,0,0,0,0
0,0,41,0,3,0,3,0,0,1,0,0,0,0,0,0
1,1,42,1,13,0,2,1,0,0,0,0,0,0,0,0
0,1,45,1,1,1,4,0,1,0,0,0,0,0,0,0
0,0,29,0,0,0,1,0,0,1,0,0,0,0,0,0
1,1,46,1,1,1,3,0,0,0,1,0,0,0,0,0
0,1,26,1,5,2,4,0,0,0,0,0,0,0,0,1
0,0,26,1,2,0,4,0,0,0,0,0,1,0,0,0
0,1,41,1,1,0,2,0,1,0,0,0,0,0,0,0
0,1,38,1,9,0,3,0,0,0,0,0,0,0,0,1
1,1,69,0,1,2,4,0,0,0,0,1,0,0,0,0
0,0,40,0,0,0,1,1,0,0,0,0,0,0,0,0
1,0,25,0,9,0,3,0,0,1,0,0,0,0,0,0
1,0,26,0,1,0,4,0,1,0,0,0,0,0,0,0
0,0,33,1,0,0,4,1,0,0,0,0,0,0,0,0
1,1,56,1,8,2,2,0,0,0,0,1,0,0,0,0
1,0,30,0,0,0,5,0,0,0,0,0,1,0,0,0
0,0,26,0,0,0,3,0,0,0,0,0,1,0,0,0
0,0,28,0,0,0,5,0,1,0,0,0,0,0,0,0
0,1,28,0,0,1,6,0,1,0,0,0,0,0,0,0
1,0,20,0,1,0,4,0,0,0,0,0,1,0,0,0
1,1,41,0,1,1,3,0,0,0,0,1,0,0,0,0
1,1,37,1,0,2,3,1,0,0,0,0,0,0,0,0
1,1,59,1,1,1,3,1,0,0,0,0,0,0,0,0
0,1,43,1,0,1,2,1,0,0,0,0,0,0,0,0
0,0,30,1,1,0,5,0,0,0,0,0,1,0,0,0
1,1,66,0,0,1,2,0,0,0,0,1,0,0,0,0
1,1,28,1,1,1,3,1,0,0,0,0,0,0,0,0
1,1,49,1,0,1,3,0,0,0,1,0,0,0,0,0
0,1,61,1,0,1,3,1,0,0,0,0,0,0,0,0
1,1,27,1,9,1,2,1,0,0,0,0,0,0,0,0
0,1,35,0,1,0,1,0,0,1,0,0,0,0,0,0
1,1,33,1,0,1,2,0,0,0,0,0,1,0,0,0
0,1,36,1,2,1,2,1,0,0,0,0,0,0,0,0
0,0,27,1,9,0,1,1,0,0,0,0,0,0,0,0
0,0,29,0,2,0,2,0,0,0,0,0,1,0,0,0
0,0,31,0,1,0,5,0,0,1,0,0,0,0,0,0
0,0,30,0,0,0,4,0,0,0,0,0,1,0,0,0
0,1,43,1,2,1,2,1,0,0,0,0,0,0,0,0
1,1,47,0,1,0,4,0,0,0,0,1,0,0,0,0
0,0,42,0,2,0,1,0,0,1,0,0,0,0,0,0
0,0,33,1,2,0,5,0,0,0,0,0,1,0,0,0
0,0,36,1,1,0,4,1,0,0,0,0,0,0,0,0
0,0,30,1,1,0,3,0,0,1,0,0,0,0,0,0
1,1,60,1,9,0,1,1,0,0,0,0,0,0,0,0
0,0,32,1,0,0,3,0,0,0,0,0,1,0,0,0
0,1,32,1,0,1,2,1,0,0,0,0,0,0,0,0
0,0,28,0,7,0,3,0,0,0,0,0,1,0,0,0
1,1,46,1,2,2,4,0,0,0,0,0,1,0,0,0
0,1,38,1,4,0,1,1,0,0,0,0,0,0,0,0
1,1,30,1,7,0,2,0,0,0,1,0,0,0,0,0
0,1,52,1,0,1,3,1,0,0,0,0,0,0,0,0
0,1,46,1,1,1,4,0,0,1,0,0,0,0,0,0
1,1,37,0,0,1,2,0,0,1,0,0,0,0,0,0
0,0,25,1,2,0,3,0,0,1,0,0,0,0,0,0
0,1,43,1,1,1,4,0,0,1,0,0,0,0,0,0
1,0,32,0,0,0,4,0,0,0,0,0,0,0,0,1
0,1,50,1,1,2,4,0,0,1,0,0,0,0,0,0
1,1,43,0,3,1,3,1,0,0,0,0,0,0,0,0
1,1,37,1,0,1,2,1,0,0,0,0,0,0,0,0
1,1,61,0,0,2,4,0,0,0,0,0,1,0,0,0
1,1,39,1,5,1,2,1,0,0,0,0,0,0,0,0
1,1,46,1,1,1,5,1,0,0,0,0,0,0,0,0
1,1,37,0,0,1,4,0,0,0,1,0,0,0,0,0
0,1,36,0,0,0,3,0,0,1,0,0,0,0,0,0
0,0,28,0,0,0,1,1,0,0,0,0,0,0,0,0
1,1,86,1,0,0,1,0,0,0,0,0,0,0,1,0
1,1,82,1,1,0,1,0,0,0,0,1,0,0,0,0
0,0,18,0,1,0,8,0,0,0,0,0,1,0,0,0
0,0,18,0,0,0,4,0,0,1,0,0,0,0,0,0
0,0,36,1,1,0,1,1,0,0,0,0,0,0,0,0
0,0,26,0,1,0,6,0,0,1,0,0,0,0,0,0
1,1,49,1,1,1,2,0,0,0,1,0,0,0,0,0
0,1,69,1,1,1,3,1,0,0,0,0,0,0,0,0
0,0,29,0,1,0,6,1,0,0,0,0,0,0,0,0
1,0,68,1,1,0,2,0,0,0,1,0,0,0,0,0
1,0,33,0,4,0,3,0,0,0,0,0,1,0,0,0
1,1,38,0,3,2,5,0,0,0,0,1,0,0,0,0
1,1,52,0,1,1,3,0,0,0,1,0,0,0,0,0
1,1,28,1,1,0,2,1,0,0,0,0,0,0,0,0
0,0,27,0,1,0,5,0,0,0,0,0,1,0,0,0
0,0,28,0,0,0,4,0,0,1,0,0,0,0,0,0
0,1,25,0,7,2,3,0,0,1,0,0,0,0,0,0
0,0,30,1,8,0,1,1,0,0,0,0,0,0,0,0
1,1,40,1,1,1,3,1,0,0,0,0,0,0,0,0
0,0,25,1,0,0,9,1,0,0,0,0,0,0,0,0
0,0,30,1,5,0,1,1,0,0,0,0,0,0,0,0
0,1,43,0,0,1,2,0,0,1,0,0,0,0,0,0
0,0,26,1,1,0,4,1,0,0,0,0,0,0,0,0
0,1,37,0,0,1,3,0,0,0,1,0,0,0,0,0
0,0,28,0,1,0,5,0,0,0,0,0,1,0,0,0
0,1,31,0,1,0,5,0,0,0,0,0,0,0,0,1
1,1,46,1,1,0,3,1,0,0,0,0,0,0,0,0
0,1,47,1,5,1,4,1,0,0,0,0,0,0,0,0
1,0,28,0,1,0,4,0,0,0,0,0,1,0,0,0
1,0,30,0,0,0,1,0,0,0,0,0,1,0,0,0
1,0,23,0,2,0,5,1,0,0,0,0,0,0,0,0
0,0,22,0,1,0,5,0,0,0,0,0,1,0,0,0
1,0,22,0,1,0,4,0,0,0,1,0,0,0,0,0
1,0,39,1,1,0,2,1,0,0,0,0,0,0,0,0
0,1,38,1,8,0,2,1,0,0,0,0,0,0,0,0
1,0,33,1,3,0,1,0,0,0,0,0,1,0,0,0
0,0,38,1,4,0,1,0,0,0,0,0,0,1,0,0
0,0,29,1,0,0,3,0,0,0,0,0,1,0,0,0
0,1,35,0,4,0,1,0,0,0,1,0,0,0,0,0
1,1,32,1,9,1,2,1,0,0,0,0,0,0,0,0
0,0,32,1,0,0,1,0,1,0,0,0,0,0,0,0
0,0,29,1,8,0,3,0,0,0,0,0,1,0,0,0
0,0,31,1,0,0,4,0,0,0,1,0,0,0,0,0
1,1,59,0,0,2,4,0,0,0,0,1,0,0,0,0
1,1,87,1,0,2,2,0,0,0,0,0,0,0,1,0
1,1,53,1,0,0,2,0,0,0,0,1,0,0,0,0
1,1,83,0,0,2,2,0,0,0,0,0,0,0,1,0
1,0,33,0,1,0,5,0,0,0,0,0,1,0,0,0
0,1,39,1,7,2,5,1,0,0,0,0,0,0,0,0
0,1,42,1,5,1,2,1,0,0,0,0,0,0,0,0
1,1,46,1,4,1,2,1,0,0,0,0,0,0,0,0
1,1,63,1,0,2,2,0,1,0,0,0,0,0,0,0
1,0,32,1,1,0,2,0,1,0,0,0,0,0,0,0
0,0,38,1,0,0,3,0,0,1,0,0,0,0,0,0
1,0,38,1,1,0,2,0,0,0,1,0,0,0,0,0
0,0,45,1,1,0,1,1,0,0,0,0,0,0,0,0
0,0,33,1,1,0,5,0,0,0,0,0,1,0,0,0
1,0,27,0,0,0,2,0,0,0,1,0,0,0,0,0
0,1,87,0,7,2,2,1,0,0,0,0,0,0,0,0
0,0,25,0,14,0,1,0,0,0,0,0,1,0,0,0
1,1,61,1,0,1,4,1,0,0,0,0,0,0,0,0
1,1,41,1,1,2,4,1,0,0,0,0,0,0,0,0
1,1,86,1,2,2,2,0,0,0,0,0,0,0,1,0
1,1,51,1,4,2,3,0,0,0,0,1,0,0,0,0
1,1,60,1,3,2,3,1,0,0,0,0,0,0,0,0
1,1,65,1,6,1,3,1,0,0,0,0,0,0,0,0
0,0,32,0,1,0,2,0,0,0,0,0,1,0,0,0
0,1,41,1,1,0,1,1,0,0,0,0,0,0,0,0
0,1,56,1,0,1,3,1,0,0,0,0,0,0,0,0
1,1,39,1,4,1,2,1,0,0,0,0,0,0,0,0
0,0,42,0,2,0,2,1,0,0,0,0,0,0,0,0
1,1,68,1,5,2,2,1,0,0,0,0,0,0,0,0
0,0,32,0,1,0,3,0,0,0,0,0,1,0,0,0
1,1,43,1,13,0,1,1,0,0,0,0,0,0,0,0
0,1,40,1,3,2,2,1,0,0,0,0,0,0,0,0
0,1,87,0,0,2,2,0,0,0,1,0,0,0,0,0
1,1,43,0,1,0,2,0,0,0,1,0,0,0,0,0
1,1,48,1,1,1,3,0,1,0,0,0,0,0,0,0
0,1,58,1,0,1,2,0,0,0,0,0,0,0,0,1
1,1,52,1,2,2,3,1,0,0,0,0,0,0,0,0
0,0,30,0,14,0,3,0,0,0,0,0,1,0,0,0
0,1,53,1,2,0,2,1,0,0,0,0,0,0,0,0
0,1,56,1,3,1,3,1,0,0,0,0,0,0,0,0
1,1,28,0,1,0,5,0,1,0,0,0,0,0,0,0
0,1,61,1,0,1,2,1,0,0,0,0,0,0,0,0
1,1,62,1,1,1,3,0,0,0,1,0,0,0,0,0
0,1,49,1,1,1,5,1,0,0,0,0,0,0,0,0
1,1,62,1,1,0,2,0,0,0,1,0,0,0,0,0
1,0,35,1,1,0,2,0,0,0,1,0,0,0,0,0
0,0,48,1,4,0,1,1,0,0,0,0,0,0,0,0
0,1,36,1,1,1,3,1,0,0,0,0,0,0,0,0
0,1,56,1,1,1,5,1,0,0,0,0,0,0,0,0
0,1,66,0,0,2,2,0,0,0,0,0,0,0,0,1
1,0,40,1,6,0,2,1,0,0,0,0,0,0,0,0
0,1,57,1,0,1,2,1,0,0,0,0,0,0,0,0
1,1,42,1,2,1,3,1,0,0,0,0,0,0,0,0
1,1,35,0,1,0,3,0,0,0,0,0,0,0,0,1
1,1,58,1,0,1,2,1,0,0,0,0,0,0,0,0
1,0,29,0,8,0,5,1,0,0,0,0,0,0,0,0
1,0,26,0,0,0,1,0,1,0,0,0,0,0,0,0
1,1,86,1,0,0,1,0,0,0,0,1,0,0,0,0
1,1,77,0,1,2,2,0,0,0,0,0,0,0,1,0
0,0,37,1,0,0,3,1,0,0,0,0,0,0,0,0
1,1,74,0,0,2,2,0,0,0,0,1,0,0,0,0
1,0,27,0,1,0,2,1,0,0,0,0,0,0,0,0
0,1,56,1,0,0,1,1,0,0,0,0,0,0,0,0
0,0,27,1,0,0,1,0,0,0,0,0,1,0,0,0
1,1,39,1,7,1,2,1,0,0,0,0,0,0,0,0
1,1,35,1,3,1,2,0,0,0,1,0,0,0,0,0
1,1,66,1,1,1,2,0,0,0,1,0,0,0,0,0
0,0,47,1,0,0,2,1,0,0,0,0,0,0,0,0
0,1,36,1,8,1,2,1,0,0,0,0,0,0,0,0
1,1,43,1,4,1,2,1,0,0,0,0,0,0,0,0
1,1,41,1,0,1,3,0,1,0,0,0,0,0,0,0
0,0,26,1,9,0,5,1,0,0,0,0,0,0,0,0
1,1,72,1,0,2,2,1,0,0,0,0,0,0,0,0
1,1,38,1,1,1,3,0,0,0,1,0,0,0,0,0
1,1,72,0,1,0,2,0,0,0,0,0,0,0,1,0
1,0,41,1,9,0,1,1,0,0,0,0,0,0,0,0
1,0,25,0,9,0,2,0,0,1,0,0,0,0,0,0
1,0,29,1,2,0,2,1,0,0,0,0,0,0,0,0
1,1,83,1,0,2,2,0,0,0,0,0,0,0,1,0
0,1,51,1,0,1,4,0,0,1,0,0,0,0,0,0
1,1,40,1,0,0,2,1,0,0,0,0,0,0,0,0
0,1,76,1,0,1,2,1,0,0,0,0,0,0,0,0
1,1,29,1,1,0,4,1,0,0,0,0,0,0,0,0
0,1,58,1,0,1,4,1,0,0,0,0,0,0,0,0
0,1,74,0,0,2,2,0,0,0,0,0,0,0,1,0
1,1,53,1,1,2,3,0,0,0,0,1,0,0,0,0
1,1,63,1,1,0,1,1,0,0,0,0,0,0,0,0
1,0,25,1,5,0,2,0,0,0,1,0,0,0,0,0
1,0,46,0,1,0,3,0,0,1,0,0,0,0,0,0
0,0,43,1,7,0,9,1,0,0,0,0,0,0,0,0
0,1,58,1,1,1,4,1,0,0,0,0,0,0,0,0
1,1,41,1,1,2,4,0,0,0,0,1,0,0,0,0
0,0,28,0,1,0,3,0,0,0,0,0,1,0,0,0
1,0,29,1,9,0,2,0,0,0,0,0,1,0,0,0
1,0,33,1,0,0,2,0,0,0,0,0,1,0,0,0
0,0,39,1,14,0,1,0,0,1,0,0,0,0,0,0
1,1,51,1,0,1,4,0,0,0,1,0,0,0,0,0
1,1,46,1,4,2,4,0,0,0,1,0,0,0,0,0
1,1,38,0,2,2,6,0,0,0,0,1,0,0,0,0
1,1,26,1,1,1,3,1,0,0,0,0,0,0,0,0
0,1,42,1,1,1,4,0,0,1,0,0,0,0,0,0
0,1,43,1,5,1,3,0,0,0,1,0,0,0,0,0
1,1,53,1,1,0,4,0,0,0,0,1,0,0,0,0
1,1,46,1,2,0,4,1,0,0,0,0,0,0,0,0
0,1,40,1,1,1,3,1,0,0,0,0,0,0,0,0
1,1,71,1,1,0,2,1,0,0,0,0,0,0,0,0
1,1,32,1,13,2,4,0,0,0,0,0,0,0,0,1
1,0,41,1,9,0,2,0,0,0,1,0,0,0,0,0
0,0,46,1,8,0,2,0,0,0,1,0,0,0,0,0
1,1,40,1,0,2,4,0,0,0,0,1,0,0,0,0
1,0,29,0,1,0,5,0,1,0,0,0,0,0,0,0
1,1,25,1,1,1,2,0,1,0,0,0,0,0,0,0
0,1,52,1,0,0,1,0,0,0,0,0,0,0,0,1
1,0,30,1,9,0,5,0,1,0,0,0,0,0,0,0
0,1,25,1,12,2,2,0,0,0,0,0,1,0,0,0
1,0,32,0,9,0,4,1,0,0,0,0,0,0,0,0
0,0,33,0,2,0,4,0,1,0,0,0,0,0,0,0
0,0,43,1,1,0,4,0,1,0,0,0,0,0,0,0
1,0,41,0,5,0,2,1,0,0,0,0,0,0,0,0
0,0,29,1,9,0,2,0,0,0,0,0,1,0,0,0
1,1,41,1,1,1,2,1,0,0,0,0,0,0,0,0
0,1,47,1,1,1,4,1,0,0,0,0,0,0,0,0
0,1,53,1,1,1,3,1,0,0,0,0,0,0,0,0
0,1,40,1,0,2,2,1,0,0,0,0,0,0,0,0
0,0,36,1,2,0,4,0,0,0,0,0,0,0,0,1
0,1,71,1,2,0,6,0,0,0,0,0,0,0,1,0
0,1,30,0,5,1,2,0,0,1,0,0,0,0,0,0
0,1,40,0,1,1,4,0,0,1,0,0,0,0,0,0
1,1,43,0,0,1,5,0,0,0,1,0,0,0,0,0
1,1,40,1,3,1,3,0,0,0,1,0,0,0,0,0
1,1,39,0,1,1,4,0,0,0,1,0,0,0,0,0
1,1,49,0,1,2,7,0,0,0,0,1,0,0,0,0
1,1,51,0,0,1,5,1,0,0,0,0,0,0,0,0
0,1,39,0,1,1,9,0,1,0,0,0,0,0,0,0
1,1,23,0,1,0,5,0,0,0,0,0,1,0,0,0
1,1,53,0,0,1,6,0,0,1,0,0,0,0,0,0
0,0,35,0,9,0,5,0,0,1,0,0,0,0,0,0
1,0,35,0,2,0,4,0,0,0,0,1,0,0,0,0
1,1,30,1,1,0,9,0,1,0,0,0,0,0,0,0
1,1,39,0,2,1,2,0,0,1,0,0,0,0,0,0
0,0,53,0,0,0,1,0,0,0,0,0,0,0,0,1
0,0,36,1,8,0,1,0,0,1,0,0,0,0,0,0
1,0,33,0,0,0,4,0,0,1,0,0,0,0,0,0
0,0,40,1,1,0,1,0,0,1,0,0,0,0,0,0
0,1,36,1,0,1,4,1,0,0,0,0,0,0,0,0
1,0,31,0,1,0,2,0,1,0,0,0,0,0,0,0
1,1,41,1,0,1,4,0,0,0,0,0,1,0,0,0
0,1,38,1,5,1,3,1,0,0,0,0,0,0,0,0
1,1,49,0,1,0,5,1,0,0,0,0,0,0,0,0
1,1,42,1,1,0,2,0,1,0,0,0,0,0,0,0
1,1,28,1,14,2,9,0,0,0,0,1,0,0,0,0
1,1,51,0,0,2,4,0,0,0,1,0,0,0,0,0
1,1,41,0,1,1,2,1,0,0,0,0,0,0,0,0
0,1,57,0,0,1,6,0,0,1,0,0,0,0,0,0
1,1,67,1,0,0,1,1,0,0,0,0,0,0,0,0
1,1,29,0,3,1,5,0,0,0,0,1,0,0,0,0
1,1,49,1,0,2,2,1,0,0,0,0,0,0,0,0
0,0,28,0,6,0,3,0,0,1,0,0,0,0,0,0
0,1,48,0,1,1,4,0,0,1,0,0,0,0,0,0
0,1,51,0,5,1,4,0,0,1,0,0,0,0,0,0
0,1,48,0,5,1,6,0,0,1,0,0,0,0,0,0
0,1,48,0,5,1,5,0,0,1,0,0,0,0,0,0
0,1,39,0,8,1,4,0,0,1,0,0,0,0,0,0
0,1,50,0,7,1,5,0,0,1,0,0,0,0,0,0
0,0,33,0,1,0,9,0,0,1,0,0,0,0,0,0
0,0,35,1,2,0,1,1,0,0,0,0,0,0,0,0
1,1,30,0,2,2,5,0,0,0,0,0,0,0,0,1
0,1,46,0,8,1,2,0,0,1,0,0,0,0,0,0
1,0,36,0,0,0,4,0,0,0,0,0,0,0,0,1
1,0,43,0,0,0,1,0,0,0,1,0,0,0,0,0
1,1,26,0,1,0,1,0,0,0,1,0,0,0,0,0
1,1,33,0,0,0,2,0,0,0,0,1,0,0,0,0
0,1,49,1,1,2,5,0,0,1,0,0,0,0,0,0
1,1,48,1,6,1,5,0,0,1,0,0,0,0,0,0
1,0,31,1,5,0,1,1,0,0,0,0,0,0,0,0
0,1,38,0,2,1,2,0,0,1,0,0,0,0,0,0
0,0,21,0,5,0,1,0,0,0,0,0,1,0,0,0
0,1,50,0,8,1,5,0,0,0,1,0,0,0,0,0
1,0,23,0,9,0,6,0,0,0,0,0,1,0,0,0
0,1,21,0,0,0,2,0,0,0,0,0,1,0,0,0
1,1,71,0,1,0,2,0,0,0,0,0,0,0,1,0
1,1,29,0,0,1,3,0,0,1,0,0,0,0,0,0
1,1,42,1,0,1,4,1,0,0,0,0,0,0,0,0
1,0,20,0,0,0,6,0,1,0,0,0,0,0,0,0
1,1,36,0,1,0,6,0,0,0,0,1,0,0,0,0
0,1,42,0,0,2,6,0,0,1,0,0,0,0,0,0
1,0,18,0,7,0,4,0,0,0,0,0,1,0,0,0
1,0,25,0,2,0,2,0,0,0,0,0,0,1,0,0
0,0,30,0,10,0,8,0,0,1,0,0,0,0,0,0
0,0,28,0,9,0,9,0,0,0,0,0,0,1,0,0
1,1,42,1,7,0,6,0,0,0,1,0,0,0,0,0
1,1,38,1,1,0,4,1,0,0,0,0,0,0,0,0
1,1,42,1,1,1,2,1,0,0,0,0,0,0,0,0
0,1,52,0,2,1,5,0,0,1,0,0,0,0,0,0
0,1,29,1,0,1,2,0,1,0,0,0,0,0,0,0
1,1,40,1,1,0,2,1,0,0,0,0,0,0,0,0
0,0,38,0,1,0,2,0,0,1,0,0,0,0,0,0
1,1,37,1,1,1,4,0,0,1,0,0,0,0,0,0
0,1,65,0,1,0,1,0,0,0,0,0,0,0,1,0
0,1,47,1,1,1,5,1,0,0,0,0,0,0,0,0
1,1,39,1,2,2,4,0,0,0,0,1,0,0,0,0
1,1,37,1,9,0,1,1,0,0,0,0,0,0,0,0
1,0,39,1,4,0,1,1,0,0,0,0,0,0,0,0
1,1,39,0,1,1,5,0,1,0,0,0,0,0,0,0
0,1,70,1,1,1,2,1,0,0,0,0,0,0,0,0
1,1,51,1,9,0,1,0,0,0,0,1,0,0,0,0
1,1,48,0,1,0,3,1,0,0,0,0,0,0,0,0
0,1,29,0,1,0,2,0,0,1,0,0,0,0,0,0
0,1,43,1,0,0,2,0,0,0,1,0,0,0,0,0
1,0,25,0,5,0,1,0,1,0,0,0,0,0,0,0
0,1,75,0,0,0,1,0,0,0,0,0,0,0,1,0
1,1,86,0,1,0,1,0,0,0,0,0,0,0,0,1
0,1,50,1,1,0,2,0,0,0,1,0,0,0,0,0
1,1,73,0,1,2,9,0,0,0,0,0,0,0,1,0
1,1,49,1,0,1,4,1,0,0,0,0,0,0,0,0
1,1,46,1,1,2,5,0,0,0,0,1,0,0,0,0
1,1,73,0,0,2,2,0,0,0,0,1,0,0,0,0
0,1,87,1,1,2,2,0,0,0,0,0,0,0,1,0
1,1,53,0,2,2,4,0,0,0,0,1,0,0,0,0
1,1,84,1,1,2,2,0,0,0,0,0,0,0,1,0
1,1,47,1,3,2,3,0,0,0,0,1,0,0,0,0
1,1,59,0,1,2,4,0,0,0,0,1,0,0,0,0
1,1,82,0,1,0,1,0,0,0,0,0,0,0,1,0
0,1,71,1,0,2,2,0,0,0,0,0,0,0,1,0
0,0,25,0,0,0,2,0,1,0,0,0,0,0,0,0
1,1,67,1,1,2,2,0,0,0,0,1,0,0,0,0
0,1,83,1,13,2,2,0,0,0,0,0,0,0,1,0
1,1,49,0,0,2,4,0,0,0,0,1,0,0,0,0
1,1,69,0,1,1,2,0,0,0,0,0,0,0,1,0
1,1,40,1,9,1,2,0,0,0,1,0,0,0,0,0
1,1,87,1,1,2,2,0,0,0,0,0,0,0,1,0
1,1,68,1,0,1,3,0,0,0,0,0,1,0,0,0
1,1,67,1,0,2,5,1,0,0,0,0,0,0,0,0
1,1,80,1,1,0,1,0,0,0,0,0,0,0,1,0
1,1,65,1,1,0,1,0,0,0,0,0,0,0,1,0
1,0,29,1,0,0,4,0,1,0,0,0,0,0,0,0
1,1,60,1,2,1,3,0,0,0,1,0,0,0,0,0
1,1,72,1,1,2,2,0,0,0,0,1,0,0,0,0
1,1,57,1,0,0,1,0,1,0,0,0,0,0,0,0
1,1,39,0,1,1,2,0,0,0,1,0,0,0,0,0
1,1,65,0,8,1,2,0,0,0,0,1,0,0,0,0
1,0,47,0,2,0,2,0,0,0,0,0,0,0,1,0
0,1,40,1,8,1,2,1,0,0,0,0,0,0,0,0
1,1,67,1,0,2,2,0,0,0,0,0,0,0,1,0
0,1,45,1,0,1,5,1,0,0,0,0,0,0,0,0
0,0,27,1,1,0,4,0,0,0,0,0,1,0,0,0
0,0,32,1,7,0,1,1,0,0,0,0,0,0,0,0
0,1,41,1,3,1,2,1,0,0,0,0,0,0,0,0
0,1,27,1,6,1,2,0,0,0,0,0,1,0,0,0
0,1,58,0,0,1,3,1,0,0,0,0,0,0,0,0
0,1,61,1,1,1,5,0,0,0,1,0,0,0,0,0
1,1,52,1,0,1,2,1,0,0,0,0,0,0,0,0
1,0,33,1,2,0,3,0,0,0,0,0,1,0,0,0
1,0,31,0,0,0,2,1,0,0,0,0,0,0,0,0
1,0,37,1,1,0,1,0,0,0,1,0,0,0,0,0
1,1,38,1,1,1,2,1,0,0,0,0,0,0,0,0
1,1,81,1,0,0,1,0,0,0,0,0,0,0,1,0
1,1,61,1,0,2,3,0,0,0,0,1,0,0,0,0
1,0,20,0,0,0,3,0,0,0,0,0,1,0,0,0
0,1,48,1,8,2,4,1,0,0,0,0,0,0,0,0
0,1,43,1,8,1,2,1,0,0,0,0,0,0,0,0
0,0,22,0,0,0,4,0,0,0,0,0,0,1,0,0
0,1,63,1,1,1,4,1,0,0,0,0,0,0,0,0
0,0,25,1,8,0,1,0,0,0,0,0,1,0,0,0
0,0,73,1,1,0,1,0,0,0,0,0,0,0,1,0
0,1,43,0,4,1,4,1,0,0,0,0,0,0,0,0
0,1,39,0,1,1,4,0,1,0,0,0,0,0,0,0
0,1,49,1,0,1,4,1,0,0,0,0,0,0,0,0
1,0,22,0,9,0,6,0,0,0,0,0,1,0,0,0
0,0,31,1,2,0,2,1,0,0,0,0,0,0,0,0
0,1,60,1,1,2,4,1,0,0,0,0,0,0,0,0
1,1,42,1,1,1,4,0,0,0,1,0,0,0,0,0
1,0,25,0,7,0,4,0,0,0,1,0,0,0,0,0
1,0,29,1,3,0,3,0,0,0,0,0,1,0,0,0
1,1,29,1,1,0,2,0,0,0,0,0,1,0,0,0
1,1,39,1,2,1,2,0,0,0,1,0,0,0,0,0
1,1,33,0,14,0,1,0,0,1,0,0,0,0,0,0
1,1,35,1,9,2,4,0,0,0,0,1,0,0,0,0
1,1,38,0,2,0,3,0,0,0,1,0,0,0,0,0
1,1,67,0,1,1,2,1,0,0,0,0,0,0,0,0
1,1,70,1,2,2,2,0,0,0,0,0,0,0,1,0
1,0,19,0,5,0,4,0,0,0,0,0,1,0,0,0
0,0,23,1,1,0,4,0,0,0,0,0,1,0,0,0
1,1,80,0,0,0,1,0,0,0,0,1,0,0,0,0
1,1,40,0,14,1,5,0,0,1,0,0,0,0,0,0
1,0,36,1,0,0,1,1,0,0,0,0,0,0,0,0
0,1,31,0,8,0,4,0,0,1,0,0,0,0,0,0
0,1,20,0,1,0,2,0,0,1,0,0,0,0,0,0
1,1,31,1,1,2,2,0,0,0,0,1,0,0,0,0
1,1,50,1,0,2,5,0,0,0,0,1,0,0,0,0
1,1,67,0,0,0,2,0,0,0,0,0,0,0,1,0
0,1,85,1,5,2,3,0,0,0,0,0,0,0,1,0
0,1,65,1,1,1,3,1,0,0,0,0,0,0,0,0
1,1,71,0,1,1,4,0,0,0,0,1,0,0,0,0
0,0,20,0,1,0,6,0,0,0,0,0,1,0,0,0
1,1,87,1,2,0,1,1,0,0,0,0,0,0,0,0
0,1,37,1,4,0,2,1,0,0,0,0,0,0,0,0
1,1,59,0,1,1,2,0,0,0,1,0,0,0,0,0
0,0,29,1,3,0,4,1,0,0,0,0,0,0,0,0
1,1,85,1,0,2,2,0,0,0,0,1,0,0,0,0
0,1,72,1,1,2,2,0,0,0,0,0,0,0,1,0
0,0,42,1,0,0,2,1,0,0,0,0,0,0,0,0
0,1,45,1,9,1,2,1,0,0,0,0,0,0,0,0
1,1,59,1,1,1,4,0,0,0,1,0,0,0,0,0
1,0,19,0,0,0,5,0,1,0,0,0,0,0,0,0
0,1,47,1,0,1,3,1,0,0,0,0,0,0,0,0
0,1,42,0,1,0,1,1,0,0,0,0,0,0,0,0
0,0,37,1,7,0,5,0,1,0,0,0,0,0,0,0
0,0,40,1,0,0,1,0,0,0,1,0,0,0,0,0
0,1,30,1,0,0,4,0,0,0,1,0,0,0,0,0
1,1,56,1,0,2,2,1,0,0,0,0,0,0,0,0
0,1,65,1,1,2,2,0,0,0,0,0,0,0,1,0
1,1,35,1,5,1,2,1,0,0,0,0,0,0,0,0
0,1,37,0,0,1,5,0,0,1,0,0,0,0,0,0
1,0,36,1,0,0,1,0,0,0,1,0,0,0,0,0
1,0,25,0,2,0,4,0,0,0,0,1,0,0,0,0
1,1,37,1,2,1,2,0,0,0,1,0,0,0,0,0
1,0,30,0,0,0,3,1,0,0,0,0,0,0,0,0
1,1,46,1,1,1,4,0,0,0,1,0,0,0,0,0
0,0,38,1,1,0,1,0,0,1,0,0,0,0,0,0
0,0,40,1,2,0,1,1,0,0,0,0,0,0,0,0
0,0,31,1,5,0,1,1,0,0,0,0,0,0,0,0
1,1,45,1,4,2,5,0,0,0,0,1,0,0,0,0
1,1,55,0,1,0,5,0,0,1,0,0,0,0,0,0
0,1,51,1,2,0,1,0,0,1,0,0,0,0,0,0
0,0,29,1,5,0,7,0,0,0,0,0,0,1,0,0
0,1,74,1,1,2,2,1,0,0,0,0,0,0,0,0
1,1,69,0,1,1,3,0,0,0,1,0,0,0,0,0
0,0,28,0,2,0,5,0,1,0,0,0,0,0,0,0
1,1,41,1,0,1,2,0,0,0,0,1,0,0,0,0
1,1,39,1,0,0,1,1,0,0,0,0,0,0,0,0
0,1,74,0,2,2,3,0,0,0,1,0,0,0,0,0
0,0,59,1,4,0,1,1,0,0,0,0,0,0,0,0
1,0,33,0,0,0,1,1,0,0,0,0,0,0,0,0
1,0,31,0,9,0,2,0,0,0,1,0,0,0,0,0
1,1,46,0,0,1,3,1,0,0,0,0,0,0,0,0
0,1,63,1,0,0,2,1,0,0,0,0,0,0,0,0
0,0,53,1,1,0,5,0,0,1,0,0,0,0,0,0
1,1,59,0,1,0,1,0,0,0,1,0,0,0,0,0
1,1,84,1,2,0,2,0,0,0,0,0,0,0,1,0
1,1,63,1,1,1,4,1,0,0,0,0,0,0,0,0
1,1,35,1,8,0,1,1,0,0,0,0,0,0,0,0
1,1,67,0,0,2,2,0,0,0,0,0,0,0,1,0
0,1,41,1,1,1,3,1,0,0,0,0,0,0,0,0
0,0,27,1,0,0,8,1,0,0,0,0,0,0,0,0
0,0,33,1,4,0,8,0,0,0,0,0,1,0,0,0
0,0,32,0,0,0,4,0,1,0,0,0,0,0,0,0
0,1,50,1,1,2,5,1,0,0,0,0,0,0,0,0
0,1,41,1,1,1,2,0,0,0,0,0,1,0,0,0
0,0,33,1,1,0,6,0,0,0,0,0,1,0,0,0
0,1,46,1,2,1,2,1,0,0,0,0,0,0,0,0
0,0,78,1,1,0,3,0,0,0,0,0,0,0,1,0
0,1,69,0,2,2,2,0,0,0,0,0,0,0,1,0
0,0,40,1,8,0,1,0,0,0,0,0,1,0,0,0
1,1,43,1,2,2,3,0,0,0,0,1,0,0,0,0
1,1,36,1,0,2,3,1,0,0,0,0,0,0,0,0
1,1,47,0,3,1,2,0,0,0,1,0,0,0,0,0
1,1,69,0,0,0,1,1,0,0,0,0,0,0,0,0
1,1,41,1,2,0,5,0,0,0,1,0,0,0,0,0
1,1,33,0,4,0,6,0,0,0,0,1,0,0,0,0
1,0,27,1,6,0,5,0,0,0,0,0,1,0,0,0
1,1,38,1,6,0,2,0,0,1,0,0,0,0,0,0
1,1,35,1,2,1,4,1,0,0,0,0,0,0,0,0
1,1,27,1,10,0,2,1,0,0,0,0,0,0,0,0
0,1,51,1,9,0,2,0,0,0,0,0,0,1,0,0
0,1,52,1,4,0,1,0,0,1,0,0,0,0,0,0
1,0,53,1,0,0,1,0,1,0,0,0,0,0,0,0
1,1,43,1,8,1,2,1,0,0,0,0,0,0,0,0
1,1,42,1,8,0,2,0,1,0,0,0,0,0,0,0
1,0,36,1,9,0,1,0,1,0,0,0,0,0,0,0
1,0,36,1,14,0,2,1,0,0,0,0,0,0,0,0
0,0,40,1,1,0,1,0,0,0,0,0,1,0,0,0
1,1,47,1,2,1,3,0,0,0,1,0,0,0,0,0
1,0,30,0,1,0,2,0,1,0,0,0,0,0,0,0
1,1,45,1,5,1,2,1,0,0,0,0,0,0,0,0
1,0,33,1,0,0,5,0,0,0,0,0,1,0,0,0
0,0,40,1,8,0,2,1,0,0,0,0,0,0,0,0
0,1,36,1,5,0,1,0,0,0,0,0,0,0,0,1
1,0,32,0,0,0,4,0,0,1,0,0,0,0,0,0
0,1,51,1,0,0,2,1,0,0,0,0,0,0,0,0
0,0,49,1,0,0,1,1,0,0,0,0,0,0,0,0
1,1,81,0,1,0,2,0,0,0,0,0,0,0,1,0
1,1,72,1,1,1,4,1,0,0,0,0,0,0,0,0
0,0,70,1,0,0,2,1,0,0,0,0,0,0,0,0
1,0,21,0,0,0,3,0,0,0,0,0,1,0,0,0
1,0,21,0,1,0,5,0,0,0,0,0,1,0,0,0
0,1,41,0,4,1,4,0,0,0,1,0,0,0,0,0
0,0,49,0,12,0,1,0,0,1,0,0,0,0,0,0
0,0,51,0,0,0,1,0,0,0,1,0,0,0,0,0
1,1,28,0,0,1,5,0,0,0,0,0,1,0,0,0
1,0,37,1,5,0,2,0,0,0,0,0,1,0,0,0
0,0,32,0,2,0,3,0,0,0,0,0,1,0,0,0
0,1,51,0,6,0,1,1,0,0,0,0,0,0,0,0
1,1,26,0,3,0,2,0,0,0,1,0,0,0,0,0
1,1,61,0,0,0,1,1,0,0,0,0,0,0,0,0
0,1,51,1,0,1,4,1,0,0,0,0,0,0,0,0
0,1,45,1,0,1,3,1,0,0,0,0,0,0,0,0
1,1,29,1,1,2,2,0,0,0,1,0,0,0,0,0
1,0,25,1,1,0,2,0,1,0,0,0,0,0,0,0
1,0,40,0,0,0,5,0,0,0,0,0,0,0,0,1
1,1,32,1,1,1,2,0,0,0,1,0,0,0,0,0
1,1,38,1,0,0,3,1,0,0,0,0,0,0,0,0
0,0,38,1,8,0,2,1,0,0,0,0,0,0,0,0
0,1,48,1,7,0,3,0,0,1,0,0,0,0,0,0
0,0,71,1,0,0,1,0,1,0,0,0,0,0,0,0
0,1,46,1,3,0,3,1,0,0,0,0,0,0,0,0
0,1,46,1,9,0,2,1,0,0,0,0,0,0,0,0
0,1,49,1,7,0,2,1,0,0,0,0,0,0,0,0
1,1,43,0,0,0,3,0,0,0,1,0,0,0,0,0
0,0,38,1,6,0,4,1,0,0,0,0,0,0,0,0
1,0,25,1,8,0,4,0,0,0,0,0,1,0,0,0
0,1,46,1,0,0,4,0,0,1,0,0,0,0,0,0
0,0,28,1,9,0,3,0,0,1,0,0,0,0,0,0
0,0,41,1,5,0,4,0,0,0,1,0,0,0,0,0
0,0,32,1,9,0,5,1,0,0,0,0,0,0,0,0
0,0,21,0,0,0,4,0,0,0,0,0,1,0,0,0
1,0,22,0,1,0,6,0,0,0,0,0,1,0,0,0
1,0,27,0,0,0,5,0,0,0,0,0,1,0,0,0
0,1,68,0,0,0,1,0,0,1,0,0,0,0,0,0
0,0,25,0,1,0,7,0,0,0,0,0,0,1,0,0
1,0,28,0,2,0,8,0,0,0,0,0,0,0,0,1
1,0,27,0,1,0,3,0,0,0,1,0,0,0,0,0
1,1,67,0,5,1,4,0,0,0,1,0,0,0,0,0
1,1,46,0,4,0,9,0,0,0,0,1,0,0,0,0
0,0,33,0,8,0,4,0,0,0,1,0,0,0,0,0
0,1,40,1,6,1,3,0,1,0,0,0,0,0,0,0
1,1,42,0,0,2,5,0,0,0,0,1,0,0,0,0
0,0,51,1,3,0,1,0,0,1,0,0,0,0,0,0
0,0,25,1,7,0,3,0,1,0,0,0,0,0,0,0
0,1,51,0,9,2,2,1,0,0,0,0,0,0,0,0
0,1,26,1,2,1,2,0,0,0,0,0,1,0,0,0
0,0,35,1,0,0,1,0,1,0,0,0,0,0,0,0
1,0,30,0,6,0,3,0,0,0,0,0,1,0,0,0
0,0,41,1,9,0,1,0,0,0,0,0,1,0,0,0
1,1,42,1,6,0,3,1,0,0,0,0,0,0,0,0
0,1,40,1,8,2,5,1,0,0,0,0,0,0,0,0
1,0,36,1,13,0,1,0,0,0,1,0,0,0,0,0
0,0,39,1,9,0,1,1,0,0,0,0,0,0,0,0
1,1,40,1,7,2,3,0,0,0,0,1,0,0,0,0
0,1,40,1,1,1,2,0,0,1,0,0,0,0,0,0
1,0,28,1,9,0,6,1,0,0,0,0,0,0,0,0
0,0,31,1,8,0,2,0,0,0,0,0,0,0,0,1
1,0,41,1,4,0,1,1,0,0,0,0,0,0,0,0
0,0,28,1,9,0,5,0,0,1,0,0,0,0,0,0
1,0,30,1,1,0,1,0,0,0,0,0,1,0,0,0
0,0,30,1,1,0,1,0,0,0,0,0,1,0,0,0
0,0,38,1,9,0,2,1,0,0,0,0,0,0,0,0
1,1,43,1,7,0,1,1,0,0,0,0,0,0,0,0
1,0,29,1,9,0,1,0,0,0,1,0,0,0,0,0
0,0,30,1,9,0,3,0,0,0,0,0,1,0,0,0
1,1,27,1,0,0,2,0,0,0,0,0,1,0,0,0
0,1,48,1,0,1,2,1,0,0,0,0,0,0,0,0
0,0,51,1,1,0,1,1,0,0,0,0,0,0,0,0
0,0,48,1,0,0,1,0,0,0,0,0,0,0,0,1
0,0,28,1,9,0,1,0,0,0,0,0,0,0,0,1
0,0,40,1,3,0,1,1,0,0,0,0,0,0,0,0
1,1,51,1,1,0,2,1,0,0,0,0,0,0,0,0
0,1,36,0,8,0,2,0,0,0,0,0,0,0,0,1
0,0,51,1,9,0,1,0,0,0,0,0,0,0,0,1
1,1,45,1,5,2,4,0,0,0,0,1,0,0,0,0
1,0,40,1,8,0,1,1,0,0,0,0,0,0,0,0
1,0,40,1,0,0,1,1,0,0,0,0,0,0,0,0
1,1,41,1,2,0,2,1,0,0,0,0,0,0,0,0
1,1,43,1,0,1,4,0,0,0,1,0,0,0,0,0
1,0,23,0,1,0,4,0,0,0,0,0,1,0,0,0
0,0,31,0,0,0,3,0,1,0,0,0,0,0,0,0
0,1,42,1,6,0,2,0,0,0,1,0,0,0,0,0
0,1,45,1,0,0,1,0,0,0,0,0,0,1,0,0
0,1,63,1,5,0,1,1,0,0,0,0,0,0,0,0
1,1,86,0,0,0,1,0,0,0,0,0,0,0,1,0
0,1,67,0,2,2,3,0,0,1,0,0,0,0,0,0
1,1,71,0,2,2,3,0,0,0,0,1,0,0,0,0
0,1,43,0,14,0,2,0,0,0,1,0,0,0,0,0
1,1,47,0,0,0,2,0,0,0,1,0,0,0,0,0
0,1,53,1,0,1,4,1,0,0,0,0,0,0,0,0
0,1,36,0,1,1,2,0,0,0,1,0,0,0,0,0
1,1,35,0,1,0,2,0,0,0,1,0,0,0,0,0
0,1,48,1,1,2,4,1,0,0,0,0,0,0,0,0
0,1,60,1,3,0,3,1,0,0,0,0,0,0,0,0
0,1,45,0,2,0,1,0,0,0,0,1,0,0,0,0
0,1,42,0,0,0,2,0,0,1,0,0,0,0,0,0
0,1,89,1,1,0,1,0,0,0,0,0,0,0,1,0
0,0,23,0,4,0,2,0,0,0,0,0,0,0,0,1
1,1,46,1,11,0,1,0,0,0,0,0,0,1,0,0
0,0,30,0,0,0,7,0,0,0,0,0,1,0,0,0
1,1,58,1,0,0,2,0,0,0,1,0,0,0,0,0
1,1,73,1,0,1,4,1,0,0,0,0,0,0,0,0
0,1,71,1,0,0,1,0,0,0,0,0,0,0,1,0
0,1,35,0,0,0,5,0,0,1,0,0,0,0,0,0
1,1,52,1,1,1,4,0,0,0,1,0,0,0,0,0
1,1,84,1,0,0,2,0,0,0,0,0,0,0,1,0
1,1,47,1,1,1,5,0,0,0,1,0,0,0,0,0
1,1,39,0,0,0,2,0,0,0,0,1,0,0,0,0
0,1,40,0,0,0,3,0,0,1,0,0,0,0,0,0
1,0,40,1,3,0,2,1,0,0,0,0,0,0,0,0
0,0,27,0,1,0,6,1,0,0,0,0,0,0,0,0
0,0,23,0,4,0,4,0,0,0,0,0,1,0,0,0
0,0,21,1,1,0,2,1,0,0,0,0,0,0,0,0
1,1,70,0,2,2,2,0,0,0,0,0,0,0,1,0
1,1,28,1,1,0,2,0,0,0,1,0,0,0,0,0
0,1,58,1,1,0,4,0,0,0,0,0,0,1,0,0
0,1,27,1,0,1,2,0,0,0,1,0,0,0,0,0
0,1,49,0,0,1,5,0,0,1,0,0,0,0,0,0
0,1,37,0,8,1,3,0,0,1,0,0,0,0,0,0
0,0,28,0,2,0,4,0,1,0,0,0,0,0,0,0
1,1,73,0,0,1,2,0,0,0,1,0,0,0,0,0
0,1,51,1,1,1,5,1,0,0,0,0,0,0,0,0
0,1,48,1,8,1,3,0,1,0,0,0,0,0,0,0
1,1,72,1,9,0,2,0,0,0,0,0,0,1,0,0
1,1,47,0,1,1,2,1,0,0,0,0,0,0,0,0
0,1,67,1,0,0,1,0,1,0,0,0,0,0,0,0
1,1,77,1,0,2,2,0,0,0,0,0,0,0,1,0
1,1,46,1,3,1,3,1,0,0,0,0,0,0,0,0
0,1,52,1,1,1,4,1,0,0,0,0,0,0,0,0
1,1,67,0,1,0,1,0,0,0,0,0,0,0,1,0
1,1,62,1,0,1,4,0,1,0,0,0,0,0,0,0
1,1,45,1,8,1,3,0,1,0,0,0,0,0,0,0
1,1,40,1,1,1,5,0,1,0,0,0,0,0,0,0
0,1,60,1,4,1,2,1,0,0,0,0,0,0,0,0
0,1,37,1,8,1,4,0,1,0,0,0,0,0,0,0
1,1,69,0,2,2,1,0,0,0,0,1,0,0,0,0
0,1,58,1,1,2,4,1,0,0,0,0,0,0,0,0
1,1,52,1,1,0,2,1,0,0,0,0,0,0,0,0
1,1,66,1,0,0,1,1,0,0,0,0,0,0,0,0
0,1,53,1,0,1,5,1,0,0,0,0,0,0,0,0
0,1,59,1,6,0,1,0,0,0,0,0,0,1,0,0
0,1,61,1,0,1,4,1,0,0,0,0,0,0,0,0
0,1,68,1,1,0,2,0,0,1,0,0,0,0,0,0
0,0,27,0,1,0,4,0,0,0,0,0,1,0,0,0
1,1,72,1,0,0,2,0,0,0,0,1,0,0,0,0
0,0,32,0,1,0,5,0,1,0,0,0,0,0,0,0
1,1,29,1,8,0,2,0,0,0,0,0,1,0,0,0
0,0,19,0,1,0,5,0,0,0,0,0,1,0,0,0
0,1,52,1,1,1,5,1,0,0,0,0,0,0,0,0
0,1,47,1,1,1,2,0,1,0,0,0,0,0,0,0
1,0,19,0,3,0,5,0,0,0,0,0,1,0,0,0
0,0,18,0,5,0,2,0,0,0,0,0,1,0,0,0
0,0,19,0,1,0,4,0,0,0,0,0,1,0,0,0
0,1,48,1,0,0,3,1,0,0,0,0,0,0,0,0
0,1,58,1,1,0,1,1,0,0,0,0,0,0,0,0
0,1,69,1,1,0,1,0,0,1,0,0,0,0,0,0
1,1,37,1,4,0,1,0,0,0,1,0,0,0,0,0
0,0,30,0,0,0,3,0,0,0,0,0,1,0,0,0
0,0,39,1,8,0,2,0,0,1,0,0,0,0,0,0
1,1,43,1,3,0,2,0,0,0,1,0,0,0,0,0
0,0,32,0,0,0,1,0,0,1,0,0,0,0,0,0
0,0,30,0,1,0,3,0,0,0,0,0,1,0,0,0
0,1,41,0,1,0,2,0,0,1,0,0,0,0,0,0
1,1,49,1,1,1,2,1,0,0,0,0,0,0,0,0
1,1,66,0,6,0,3,0,0,0,0,1,0,0,0,0
0,1,67,1,1,0,2,0,1,0,0,0,0,0,0,0
1,0,30,1,0,0,2,0,0,0,0,0,1,0,0,0
0,0,39,1,6,0,1,0,1,0,0,0,0,0,0,0
0,1,57,1,0,1,5,1,0,0,0,0,0,0,0,0
1,1,63,1,1,2,1,0,0,0,0,1,0,0,0,0
0,1,52,0,4,2,3,0,0,0,0,0,0,1,0,0
1,1,35,1,7,0,2,0,0,0,1,0,0,0,0,0
1,1,52,1,4,1,2,1,0,0,0,0,0,0,0,0
0,1,45,1,2,2,2,0,0,1,0,0,0,0,0,0
1,1,37,1,8,1,2,0,0,0,1,0,0,0,0,0
0,1,45,1,1,1,2,0,0,1,0,0,0,0,0,0
0,1,55,1,0,1,2,0,0,1,0,0,0,0,0,0
0,1,49,1,4,1,2,0,0,1,0,0,0,0,0,0
0,1,42,0,1,0,6,0,0,0,1,0,0,0,0,0
0,1,39,1,3,2,2,0,1,0,0,0,0,0,0,0
1,1,43,0,1,1,3,1,0,0,0,0,0,0,0,0
1,1,50,0,1,1,4,0,0,0,0,1,0,0,0,0
1,1,37,1,1,1,4,1,0,0,0,0,0,0,0,0
0,0,37,1,1,0,1,0,0,1,0,0,0,0,0,0
1,1,63,1,0,0,3,0,0,0,1,0,0,0,0,0
1,1,83,1,1,0,2,0,0,0,0,0,0,0,1,0
1,1,55,1,1,1,3,1,0,0,0,0,0,0,0,0
1,1,71,1,1,0,3,1,0,0,0,0,0,0,0,0
0,1,49,1,2,1,5,0,0,0,1,0,0,0,0,0
1,1,27,0,0,0,4,0,1,0,0,0,0,0,0,0
0,1,25,0,1,0,4,0,0,0,0,0,0,0,0,1
1,1,42,0,0,0,2,0,0,0,0,0,1,0,0,0
0,1,66,1,4,0,2,1,0,0,0,0,0,0,0,0
0,0,32,1,1,0,1,0,0,0,0,0,1,0,0,0
0,1,32,1,4,0,2,0,1,0,0,0,0,0,0,0
0,1,37,0,8,0,1,0,1,0,0,0,0,0,0,0
0,0,33,1,3,0,4,0,0,0,0,0,1,0,0,0
0,1,45,1,2,1,2,0,0,0,0,0,0,1,0,0
0,1,37,1,0,1,3,1,0,0,0,0,0,0,0,0
1,0,30,1,4,0,4,0,1,0,0,0,0,0,0,0
1,0,31,1,5,0,3,0,0,0,1,0,0,0,0,0
0,1,48,1,0,1,4,1,0,0,0,0,0,0,0,0
1,0,31,1,2,0,1,0,0,0,0,0,1,0,0,0
0,1,36,1,8,0,2,0,1,0,0,0,0,0,0,0
1,1,61,1,0,1,6,0,0,0,1,0,0,0,0,0
0,1,46,1,3,2,3,1,0,0,0,0,0,0,0,0
1,1,48,1,0,1,3,0,0,1,0,0,0,0,0,0
1,0,19,0,0,0,5,0,0,0,0,0,1,0,0,0
0,0,40,0,2,0,1,0,0,1,0,0,0,0,0,0
0,1,49,0,0,0,1,0,0,0,0,0,0,0,0,1
0,0,53,1,1,0,1,0,0,0,1,0,0,0,0,0
1,0,29,1,8,0,1,1,0,0,0,0,0,0,0,0
1,0,23,0,3,0,4,0,0,0,0,0,1,0,0,0
1,0,38,1,0,0,4,0,0,0,1,0,0,0,0,0
1,0,26,1,11,0,2,0,1,0,0,0,0,0,0,0
1,1,20,0,0,0,2,0,0,0,1,0,0,0,0,0
1,1,36,1,0,0,3,0,0,0,0,0,1,0,0,0
1,0,18,0,1,0,3,0,0,0,0,0,1,0,0,0
0,0,20,0,7,0,4,0,0,0,0,0,1,0,0,0
0,0,18,0,1,0,4,0,0,0,0,0,0,0,0,1
1,1,32,0,7,1,2,1,0,0,0,0,0,0,0,0
0,0,18,0,0,0,4,0,0,0,0,0,1,0,0,0
0,0,21,0,8,0,4,0,0,0,0,0,1,0,0,0
0,1,75,1,1,2,2,1,0,0,0,0,0,0,0,0
1,1,37,1,0,1,2,0,0,1,0,0,0,0,0,0
0,1,35,1,1,0,3,0,0,1,0,0,0,0,0,0
1,0,20,0,9,0,3,0,0,0,0,0,1,0,0,0
1,0,33,0,8,0,4,0,0,0,0,0,1,0,0,0
1,1,58,1,0,0,3,1,0,0,0,0,0,0,0,0
1,1,50,1,4,1,2,1,0,0,0,0,0,0,0,0
0,0,51,1,0,0,2,0,0,0,0,0,0,1,0,0
0,0,27,0,8,0,3,0,0,0,0,0,1,0,0,0
0,1,58,1,1,1,2,0,1,0,0,0,0,0,0,0
1,1,62,0,1,0,2,0,0,0,0,1,0,0,0,0
1,1,79,1,0,2,2,0,0,0,0,0,0,0,0,1
0,0,33,0,0,0,2,0,0,1,0,0,0,0,0,0
1,1,36,1,1,1,2,1,0,0,0,0,0,0,0,0
0,1,29,1,1,0,2,0,0,0,0,0,1,0,0,0
1,0,28,1,9,0,3,1,0,0,0,0,0,0,0,0
0,1,48,1,3,1,4,1,0,0,0,0,0,0,0,0
1,1,48,1,3,1,2,0,1,0,0,0,0,0,0,0
1,1,66,0,0,0,3,0,0,0,0,0,0,0,1,0
0,1,47,1,1,0,4,0,0,0,0,0,0,1,0,0
0,1,68,1,1,2,4,1,0,0,0,0,0,0,0,0
0,1,59,0,0,0,1,0,0,0,0,0,0,0,1,0
1,1,38,1,7,1,2,0,1,0,0,0,0,0,0,0
0,1,76,0,1,2,2,0,0,0,0,0,0,0,1,0
0,1,40,1,3,0,2,0,0,1,0,0,0,0,0,0
0,1,49,1,0,2,2,0,0,1,0,0,0,0,0,0
0,0,33,0,0,0,2,0,0,0,0,0,0,1,0,0
1,0,18,0,1,0,2,0,0,0,0,0,1,0,0,0
0,1,69,1,0,2,2,0,0,0,0,0,0,0,1,0
1,1,36,1,1,0,1,0,0,0,0,0,1,0,0,0
0,1,67,1,0,1,2,1,0,0,0,0,0,0,0,0
0,1,37,1,1,1,3,1,0,0,0,0,0,0,0,0
0,0,26,0,2,0,2,0,0,0,0,0,1,0,0,0
1,1,51,1,1,1,4,0,1,0,0,0,0,0,0,0
0,1,67,1,1,0,2,0,0,0,0,0,0,0,1,0
0,0,29,1,1,0,4,0,0,0,1,0,0,0,0,0
0,1,76,1,0,0,2,0,0,0,0,0,0,0,1,0
0,1,51,1,9,1,2,0,0,0,0,0,0,1,0,0
1,1,35,1,1,0,2,0,0,0,1,0,0,0,0,0
1,0,30,0,3,0,2,0,1,0,0,0,0,0,0,0
1,1,47,1,0,1,2,0,1,0,0,0,0,0,0,0
1,1,81,0,0,0,1,0,0,0,0,0,0,0,1,0
0,1,85,0,0,0,1,0,0,0,0,0,0,0,1,0
0,0,21,0,2,0,3,0,0,0,0,0,1,0,0,0
0,0,41,0,1,0,1,0,0,1,0,0,0,0,0,0
1,0,22,0,0,0,2,0,0,0,0,0,1,0,0,0
1,0,23,0,0,0,3,0,0,0,0,0,1,0,0,0
1,0,31,0,1,0,5,0,0,0,0,0,1,0,0,0
1,1,82,1,0,2,2,0,0,0,0,0,0,0,1,0
1,1,84,0,1,2,2,0,0,0,0,1,0,0,0,0
1,1,41,1,1,0,2,0,0,0,1,0,0,0,0,0
0,1,66,1,0,1,2,1,0,0,0,0,0,0,0,0
1,1,57,1,5,0,2,1,0,0,0,0,0,0,0,0
1,0,20,0,3,0,4,0,0,0,0,0,1,0,0,0
0,0,32,0,14,0,1,0,0,0,0,0,0,1,0,0
0,0,29,0,11,0,1,0,0,0,0,0,0,1,0,0
0,1,43,0,1,0,1,0,1,0,0,0,0,0,0,0
0,0,42,0,1,0,1,0,0,0,0,0,0,0,0,1
0,1,48,0,8,0,1,0,0,0,0,0,0,1,0,0
1,1,62,1,0,0,1,1,0,0,0,0,0,0,0,0
1,0,63,1,0,0,2,1,0,0,0,0,0,0,0,0
1,1,60,1,1,0,2,0,0,0,1,0,0,0,0,0
1,1,63,1,1,0,2,1,0,0,0,0,0,0,0,0
1,1,62,1,9,0,1,0,0,0,1,0,0,0,0,0
1,1,40,0,4,0,2,0,0,0,0,1,0,0,0,0
1,1,63,1,0,1,1,1,0,0,0,0,0,0,0,0
1,0,19,0,6,0,4,0,0,0,0,0,1,0,0,0
0,0,21,0,8,0,1,0,0,0,0,0,0,1,0,0
1,0,21,0,1,0,2,0,0,0,0,0,1,0,0,0
1,0,22,0,6,0,5,0,0,1,0,0,0,0,0,0
1,1,60,0,1,2,3,0,0,0,0,0,0,0,1,0
1,1,59,1,8,0,1,1,0,0,0,0,0,0,0,0
1,1,73,0,1,2,2,0,0,0,0,0,0,0,1,0
0,1,52,1,0,2,3,1,0,0,0,0,0,0,0,0
0,1,66,0,9,1,2,0,1,0,0,0,0,0,0,0
1,1,61,0,1,0,4,0,0,0,1,0,0,0,0,0
0,1,61,1,1,0,1,1,0,0,0,0,0,0,0,0
0,1,61,1,2,1,2,1,0,0,0,0,0,0,0,0
1,1,59,1,1,1,2,0,0,0,1,0,0,0,0,0
1,1,51,1,1,0,1,1,0,0,0,0,0,0,0,0
0,1,36,1,9,0,2,0,0,0,0,0,0,1,0,0
1,0,71,1,9,0,3,0,0,0,0,1,0,0,0,0
1,1,48,1,1,1,2,1,0,0,0,0,0,0,0,0
1,1,43,1,9,1,2,0,0,0,1,0,0,0,0,0
0,0,36,1,9,0,1,1,0,0,0,0,0,0,0,0
0,1,57,0,2,1,3,1,0,0,0,0,0,0,0,0
1,0,33,1,1,0,3,0,0,0,0,0,1,0,0,0
0,0,31,1,1,0,6,1,0,0,0,0,0,0,0,0
1,1,57,1,1,1,3,1,0,0,0,0,0,0,0,0
0,0,33,0,2,0,4,0,0,0,0,0,0,1,0,0
1,0,30,1,1,0,5,1,0,0,0,0,0,0,0,0
1,1,26,0,8,1,2,0,1,0,0,0,0,0,0,0
0,0,29,0,1,0,3,0,0,1,0,0,0,0,0,0
0,0,42,1,0,0,1,0,0,0,0,0,0,0,0,1
0,0,30,0,0,0,5,0,1,0,0,0,0,0,0,0
0,0,18,0,1,0,5,0,0,1,0,0,0,0,0,0
1,0,18,0,5,0,4,0,0,0,0,0,1,0,0,0
1,1,80,0,0,2,2,0,0,0,0,1,0,0,0,0
1,0,35,0,7,0,2,0,0,1,0,0,0,0,0,0
1,1,45,1,1,1,2,0,0,0,1,0,0,0,0,0
1,0,42,1,8,0,1,0,0,1,0,0,0,0,0,0
0,1,26,0,2,2,2,0,0,0,0,0,1,0,0,0
1,1,38,1,1,0,2,1,0,0,0,0,0,0,0,0
1,1,41,1,1,1,7,1,0,0,0,0,0,0,0,0
1,0,45,1,1,0,2,0,0,0,1,0,0,0,0,0
1,1,57,1,1,0,1,1,0,0,0,0,0,0,0,0
0,0,33,1,5,0,4,0,0,0,0,0,1,0,0,0
0,1,51,1,8,1,2,1,0,0,0,0,0,0,0,0
1,1,85,0,1,0,2,0,0,0,0,1,0,0,0,0
0,0,30,0,0,0,3,0,0,0,1,0,0,0,0,0
1,1,38,1,1,1,3,0,0,1,0,0,0,0,0,0
1,1,66,1,1,0,1,1,0,0,0,0,0,0,0,0
1,0,40,1,0,0,2,1,0,0,0,0,0,0,0,0
1,1,83,1,2,0,1,0,0,0,0,0,0,0,1,0
1,1,61,1,1,1,3,0,0,0,0,0,0,0,0,1
1,1,65,1,1,2,2,0,0,0,0,1,0,0,0,0
1,1,37,0,0,2,4,0,0,0,0,0,0,0,0,1
1,1,47,1,0,0,2,0,1,0,0,0,0,0,0,0
1,1,51,0,1,1,4,0,0,0,1,0,0,0,0,0
1,1,73,0,2,0,1,0,0,0,0,0,0,0,1,0
0,1,73,1,0,0,2,0,0,1,0,0,0,0,0,0
1,1,37,0,1,1,4,0,0,0,1,0,0,0,0,0
0,1,55,1,0,0,1,0,0,1,0,0,0,0,0,0
0,0,32,0,12,0,1,0,0,0,0,0,0,1,0,0
0,0,28,1,0,0,3,1,0,0,0,0,0,0,0,0
0,0,50,0,0,0,3,0,0,0,0,0,0,0,1,0
1,1,38,1,1,0,2,0,0,0,1,0,0,0,0,0
1,0,46,1,1,0,1,0,0,0,1,0,0,0,0,0
0,1,47,1,0,0,2,1,0,0,0,0,0,0,0,0
1,1,39,1,8,2,6,0,0,0,0,1,0,0,0,0
0,0,26,0,1,0,2,0,0,0,0,0,1,0,0,0
0,1,37,1,9,2,2,0,0,0,0,0,0,1,0,0
0,0,27,0,2,0,1,0,0,0,0,0,0,1,0,0
1,1,69,1,1,1,2,1,0,0,0,0,0,0,0,0
1,1,47,1,9,1,2,1,0,0,0,0,0,0,0,0
1,1,43,1,1,0,3,0,0,0,0,0,1,0,0,0
1,1,42,1,3,1,4,0,0,0,1,0,0,0,0,0
1,0,29,1,0,0,3,1,0,0,0,0,0,0,0,0
0,1,45,1,1,2,4,1,0,0,0,0,0,0,0,0
1,1,88,1,1,0,2,1,0,0,0,0,0,0,0,0
0,0,33,1,2,0,5,0,0,1,0,0,0,0,0,0
1,1,18,0,0,0,4,0,1,0,0,0,0,0,0,0
0,1,41,1,2,2,2,0,0,0,0,0,0,1,0,0
0,0,28,1,1,0,3,0,1,0,0,0,0,0,0,0
0,0,30,1,0,0,1,0,0,0,1,0,0,0,0,0
0,0,27,1,8,0,1,1,0,0,0,0,0,0,0,0
0,1,53,1,0,1,4,0,0,1,0,0,0,0,0,0
0,0,43,1,14,0,1,1,0,0,0,0,0,0,0,0
1,0,26,0,1,0,2,0,0,0,1,0,0,0,0,0
0,0,67,0,1,0,2,1,0,0,0,0,0,0,0,0
0,0,32,1,1,0,2,1,0,0,0,0,0,0,0,0
0,0,26,0,7,0,4,0,1,0,0,0,0,0,0,0
0,0,29,0,0,0,3,0,0,1,0,0,0,0,0,0
0,0,33,1,9,0,1,1,0,0,0,0,0,0,0,0
1,0,22,0,0,0,3,0,1,0,0,0,0,0,0,0
0,0,27,0,0,0,2,0,0,1,0,0,0,0,0,0
1,0,25,0,8,0,4,0,1,0,0,0,0,0,0,0
0,0,32,0,2,0,1,0,0,0,0,0,0,0,0,1
1,1,85,1,2,0,1,0,0,0,0,0,0,0,1,0
1,0,29,1,2,0,2,0,0,0,0,0,1,0,0,0
1,1,56,1,0,0,4,0,0,0,0,0,0,0,1,0
1,1,52,1,0,1,3,1,0,0,0,0,0,0,0,0
0,0,25,0,2,0,5,0,0,0,0,0,1,0,0,0
0,1,65,1,2,1,2,1,0,0,0,0,0,0,0,0
0,1,49,1,1,0,1,1,0,0,0,0,0,0,0,0
0,1,73,0,1,0,2,0,0,0,0,0,0,0,1,0
1,1,36,1,2,1,2,0,1,0,0,0,0,0,0,0
0,0,36,1,4,0,1,0,0,1,0,0,0,0,0,0
1,1,71,1,1,2,3,0,0,0,0,0,0,0,1,0
0,1,55,1,0,0,2,1,0,0,0,0,0,0,0,0
1,1,41,0,0,1,2,1,0,0,0,0,0,0,0,0
1,0,42,1,1,0,1,1,0,0,0,0,0,0,0,0
1,1,35,1,2,0,2,0,1,0,0,0,0,0,0,0
0,1,48,1,1,1,2,1,0,0,0,0,0,0,0,0
0,0,40,1,1,0,1,0,1,0,0,0,0,0,0,0
0,0,29,1,3,0,6,0,0,0,0,0,1,0,0,0
1,1,89,1,0,0,2,0,0,0,0,0,0,0,1,0
1,1,38,1,0,1,3,1,0,0,0,0,0,0,0,0
1,1,45,1,0,2,4,0,0,0,0,1,0,0,0,0
1,0,26,0,0,0,4,0,0,0,0,0,1,0,0,0
1,1,43,1,5,1,2,1,0,0,0,0,0,0,0,0
1,0,35,1,1,0,1,1,0,0,0,0,0,0,0,0
1,1,73,1,1,0,2,0,0,0,0,0,0,0,1,0
1,0,41,1,4,0,3,1,0,0,0,0,0,0,0,0
1,0,27,1,2,0,1,0,0,0,0,0,1,0,0,0
1,1,35,1,6,0,3,0,0,0,1,0,0,0,0,0
0,1,63,1,0,1,2,1,0,0,0,0,0,0,0,0
1,0,53,0,1,0,2,1,0,0,0,0,0,0,0,0
1,0,42,0,0,0,2,0,0,1,0,0,0,0,0,0
0,1,46,1,0,1,4,1,0,0,0,0,0,0,0,0
1,1,38,0,0,0,2,0,0,0,1,0,0,0,0,0
1,1,25,1,1,0,3,0,1,0,0,0,0,0,0,0
0,1,40,1,7,1,3,1,0,0,0,0,0,0,0,0
0,1,55,1,1,0,2,0,0,0,0,0,0,0,1,0
0,0,29,1,0,0,1,0,0,0,0,0,1,0,0,0
0,1,39,1,2,0,1,1,0,0,0,0,0,0,0,0
1,1,50,0,1,1,3,0,1,0,0,0,0,0,0,0
0,1,61,1,1,1,2,1,0,0,0,0,0,0,0,0
1,1,56,1,0,0,1,1,0,0,0,0,0,0,0,0
1,0,40,1,1,0,3,0,0,0,1,0,0,0,0,0
0,1,86,1,0,2,2,0,0,0,0,0,0,0,1,0
1,0,27,0,5,0,3,0,0,0,1,0,0,0,0,0
1,0,35,1,2,0,1,1,0,0,0,0,0,0,0,0
1,1,56,1,2,1,2,1,0,0,0,0,0,0,0,0
0,1,36,1,2,0,2,1,0,0,0,0,0,0,0,0
1,1,32,0,9,0,2,0,1,0,0,0,0,0,0,0
0,1,85,1,1,0,2,0,0,0,0,0,0,0,1,0
0,0,41,1,8,0,2,1,0,0,0,0,0,0,0,0
1,1,42,0,5,2,4,0,0,0,0,1,0,0,0,0
0,0,30,1,0,0,6,0,0,0,0,0,0,0,0,1
1,1,42,1,2,2,5,0,0,0,0,1,0,0,0,0
0,1,42,1,9,1,3,1,0,0,0,0,0,0,0,0
1,1,60,1,4,2,4,0,0,0,0,1,0,0,0,0
1,0,18,0,2,0,5,0,0,0,0,0,1,0,0,0
1,1,36,1,0,1,4,0,0,0,0,1,0,0,0,0
1,1,49,1,0,1,2,1,0,0,0,0,0,0,0,0
1,1,42,1,1,2,3,0,0,0,0,1,0,0,0,0
1,1,42,0,1,1,5,1,0,0,0,0,0,0,0,0
0,1,39,1,2,1,2,0,0,0,1,0,0,0,0,0
0,1,62,1,1,0,2,0,1,0,0,0,0,0,0,0
1,1,39,1,2,0,3,1,0,0,0,0,0,0,0,0
0,1,25,1,3,2,2,1,0,0,0,0,0,0,0,0
0,0,27,1,1,0,4,1,0,0,0,0,0,0,0,0
1,1,36,1,0,0,4,1,0,0,0,0,0,0,0,0
1,1,51,1,3,0,3,0,0,0,1,0,0,0,0,0
1,1,63,1,2,0,1,0,0,0,1,0,0,0,0,0
1,0,40,1,2,0,4,1,0,0,0,0,0,0,0,0
1,0,22,0,1,0,2,0,1,0,0,0,0,0,0,0
1,1,52,1,9,0,1,1,0,0,0,0,0,0,0,0
1,1,89,1,4,0,1,0,0,0,0,0,0,0,1,0
0,1,65,0,2,2,3,0,0,0,0,0,0,0,1,0
1,1,48,1,1,1,4,0,0,0,0,0,1,0,0,0
1,0,31,1,8,0,1,0,0,0,0,0,1,0,0,0
0,1,62,1,2,1,2,1,0,0,0,0,0,0,0,0
1,1,58,1,0,1,4,0,0,0,0,1,0,0,0,0
1,1,60,1,0,0,3,1,0,0,0,0,0,0,0,0
1,0,18,0,14,0,2,0,0,0,0,0,1,0,0,0
1,0,35,1,5,0,1,0,1,0,0,0,0,0,0,0
1,0,27,1,2,0,3,0,1,0,0,0,0,0,0,0
1,0,32,0,0,0,1,0,0,0,1,0,0,0,0,0
1,1,40,1,7,0,2,0,0,0,1,0,0,0,0,0
0,0,25,1,0,0,1,0,0,0,0,0,1,0,0,0
1,1,42,0,1,0,5,1,0,0,0,0,0,0,0,0
1,0,26,0,8,0,8,0,0,0,0,0,1,0,0,0
1,0,27,1,6,0,1,0,0,1,0,0,0,0,0,0
1,0,42,0,2,0,4,1,0,0,0,0,0,0,0,0
0,1,77,1,4,0,1,0,0,0,0,0,0,0,1,0
1,1,70,1,0,0,2,0,0,0,0,1,0,0,0,0
1,1,36,0,4,1,2,1,0,0,0,0,0,0,0,0
1,1,57,1,6,0,3,0,0,0,0,0,0,0,1,0
1,1,76,1,1,0,1,0,0,0,0,0,0,0,1,0
1,1,52,1,1,0,1,1,0,0,0,0,0,0,0,0
0,0,35,1,9,0,1,1,0,0,0,0,0,0,0,0
1,1,43,1,9,1,2,0,1,0,0,0,0,0,0,0
1,0,43,1,14,0,1,1,0,0,0,0,0,0,0,0
0,1,62,1,2,2,4,1,0,0,0,0,0,0,0,0
1,0,21,0,0,0,4,0,0,0,0,0,1,0,0,0
1,0,23,0,0,0,4,0,0,0,0,0,1,0,0,0
1,1,65,1,0,1,2,0,0,0,1,0,0,0,0,0
1,1,35,1,4,2,4,0,0,0,0,1,0,0,0,0
1,1,48,1,4,2,3,0,0,0,0,1,0,0,0,0
1,1,33,0,9,0,2,0,1,0,0,0,0,0,0,0
1,1,82,0,1,2,2,0,0,0,0,0,0,0,1,0
1,1,45,0,1,2,4,0,0,0,0,1,0,0,0,0
1,0,56,0,1,0,2,0,0,0,0,0,0,0,0,1
0,1,49,1,2,1,4,1,0,0,0,0,0,0,0,0
1,1,30,1,8,2,3,0,0,0,0,0,1,0,0,0
1,0,37,1,8,0,3,0,0,0,0,0,1,0,0,0
1,1,51,0,0,2,6,0,0,0,0,0,0,0,0,1
1,1,59,1,5,2,5,0,0,0,1,0,0,0,0,0
1,1,56,1,0,2,2,0,0,0,0,1,0,0,0,0
1,1,31,1,2,0,2,1,0,0,0,0,0,0,0,0
0,1,35,1,2,1,4,1,0,0,0,0,0,0,0,0
1,1,89,1,7,2,2,0,0,0,0,0,0,0,1,0
0,0,38,1,9,0,4,1,0,0,0,0,0,0,0,0
1,1,45,1,4,2,3,0,0,0,0,1,0,0,0,0
1,1,74,0,1,0,7,0,0,0,0,1,0,0,0,0
1,1,53,1,7,2,4,1,0,0,0,0,0,0,0,0
0,1,43,0,0,2,5,0,0,1,0,0,0,0,0,0
1,1,62,1,2,1,6,0,0,0,1,0,0,0,0,0
1,1,56,0,8,2,3,0,0,0,0,1,0,0,0,0
1,1,88,1,3,2,2,0,0,0,0,0,0,0,1,0
1,0,28,1,0,0,2,0,1,0,0,0,0,0,0,0
0,1,51,1,5,1,2,0,0,0,1,0,0,0,0,0
0,1,60,0,0,1,4,1,0,0,0,0,0,0,0,0
1,0,19,0,0,0,3,0,0,0,0,0,1,0,0,0
1,0,20,0,0,0,9,0,0,0,0,0,1,0,0,0
0,0,50,1,1,0,1,1,0,0,0,0,0,0,0,0
0,0,21,0,4,0,4,0,0,0,0,0,0,0,0,1
1,1,62,1,0,1,2,0,1,0,0,0,0,0,0,0
0,0,36,1,1,0,1,0,1,0,0,0,0,0,0,0
0,0,31,0,0,0,2,0,0,0,0,0,0,0,0,1
1,1,52,1,4,1,3,0,1,0,0,0,0,0,0,0
0,1,48,1,1,2,5,1,0,0,0,0,0,0,0,0
0,1,40,1,6,1,2,0,0,0,1,0,0,0,0,0
1,1,55,1,1,2,2,1,0,0,0,0,0,0,0,0
0,1,62,1,1,1,2,1,0,0,0,0,0,0,0,0
1,0,48,1,0,0,1,1,0,0,0,0,0,0,0,0
1,1,36,1,1,0,2,0,0,0,1,0,0,0,0,0
0,1,73,1,0,0,2,1,0,0,0,0,0,0,0,0
0,0,23,0,0,0,8,0,0,0,0,0,0,0,0,1
0,1,25,1,0,1,2,1,0,0,0,0,0,0,0,0
1,1,60,1,0,1,2,1,0,0,0,0,0,0,0,0
1,0,37,1,14,0,1,1,0,0,0,0,0,0,0,0
0,1,39,1,0,0,1,0,1,0,0,0,0,0,0,0
0,0,39,1,12,0,1,1,0,0,0,0,0,0,0,0
1,1,58,1,0,0,2,1,0,0,0,0,0,0,0,0
0,0,33,1,0,0,1,0,0,0,1,0,0,0,0,0
0,0,29,0,2,0,4,1,0,0,0,0,0,0,0,0
0,1,66,1,1,2,2,0,0,0,0,0,0,0,1,0
0,1,66,1,0,2,2,0,0,0,1,0,0,0,0,0
0,1,50,1,9,2,2,1,0,0,0,0,0,0,0,0
0,1,51,1,2,2,4,1,0,0,0,0,0,0,0,0
0,1,50,1,0,1,2,1,0,0,0,0,0,0,0,0
0,0,39,1,1,0,1,1,0,0,0,0,0,0,0,0
1,0,29,0,0,0,4,0,1,0,0,0,0,0,0,0
0,0,29,1,0,0,5,0,1,0,0,0,0,0,0,0
1,0,23,0,1,0,5,0,1,0,0,0,0,0,0,0
1,1,57,1,1,1,2,1,0,0,0,0,0,0,0,0
0,0,31,1,1,0,4,0,0,0,0,0,1,0,0,0
0,1,69,1,1,0,1,1,0,0,0,0,0,0,0,0
0,0,28,1,0,0,4,0,0,0,1,0,0,0,0,0
0,0,31,1,14,0,1,1,0,0,0,0,0,0,0,0
1,1,37,1,0,2,3,0,0,0,0,1,0,0,0,0
1,1,58,1,0,0,4,0,0,0,0,0,1,0,0,0
1,1,48,1,3,0,1,1,0,0,0,0,0,0,0,0
0,0,18,0,1,0,4,0,1,0,0,0,0,0,0,0
0,0,27,1,2,0,4,0,0,0,0,0,1,0,0,0
1,0,30,1,8,0,6,0,1,0,0,0,0,0,0,0
0,1,36,1,1,1,2,1,0,0,0,0,0,0,0,0
1,1,45,1,4,1,2,0,0,0,1,0,0,0,0,0
0,0,26,0,1,0,4,0,0,0,0,0,1,0,0,0
0,0,23,0,0,0,3,0,0,0,0,0,1,0,0,0
1,1,46,1,5,0,1,0,0,0,1,0,0,0,0,0
0,0,27,0,8,0,4,0,0,0,0,0,0,0,0,1
0,1,42,1,0,0,2,1,0,0,0,0,0,0,0,0
0,0,19,0,0,0,3,0,0,0,0,0,1,0,0,0
0,0,35,1,1,0,2,0,0,0,1,0,0,0,0,0
0,0,35,1,1,0,1,0,1,0,0,0,0,0,0,0
0,0,53,1,2,0,2,0,0,0,1,0,0,0,0,0
1,1,47,1,1,2,5,0,0,0,0,1,0,0,0,0
0,0,43,1,9,0,3,0,0,0,0,0,1,0,0,0
